sequences_Helix,helix_len,translated_into_groups
PTLLAEYAYV,10,OLOOONRORO
DSFLLRFLRA,10,NLROOPROPO
PDEVAQEMIE,10,ONNOOLNOON
PEVKEIIEGC,10,ONOPNOONOL
LDIIIHSLKK,10,ONOOOPLOPP
RSSYFWLCNA,10,PLLRRROLLO
ILDICLILLD,10,OONOLOOOON
PVYVGRVVSG,10,OOROOPOOLO
KDEGEQEEKS,10,PNNONLNNPL
LELWSEILMT,10,ONORLNOOOL
ASVLKCAEAL,10,OLOOPLONOO
QEWVIQCLIV,10,LNROOLLOOO
AIFFIVFTVI,10,OORROORLOO
KIYFVLWWLV,10,PORROORROO
EILQTLLDLF,10,NOOLLOONOR
LHSFLLYSRL,10,OPLROORLPO
DGLYALMSRC,10,NOOROOOLPL
MLIELDTLSK,10,OOONONLOLP
DYRLRPMLRV,10,NRPOPOOOPO
TLSCQRTTSQ,10,LOLLLPLLLL
KDSLDQFDCK,10,PNLONLRNLP
VDDVLAVATF,10,ONNOOOOOLR
NLKAHLKIHI,10,LOPOPOPOPO
VVCFRKHKEQ,10,OOLRPPPPNL
FRLLRVFKLA,10,RPOOPORPOO
RSECFALMNV,10,PLNLROOOLO
WTIIMYAAVD,10,RLOOOROOON
KELWDQFHKR,10,PNORNLRPPP
DKITQLKIDN,10,NPOLLOPONL
RDCRDLLQRL,10,PNLPNOOLPO
LEQILTQYTT,10,ONLOOLLRLL
ISENIVSFIE,10,OLNLOOLRON
NNRLVQHQKM,10,LLPOOLPLPO
EDDIHRSIKY,10,NNNOPPLOPR
SELREIIDEC,10,LNOPNOONNL
PMVFRNLRER,10,OOORPLOPNP
TVELEKLASR,10,LONONPOOLP
HAEHIETIKA,10,PONPONLOPO
LKCITQIGET,10,OPLOLLOONL
SEFKTQIQRY,10,LNRPLLOLPR
PEVKEIIEGC,10,ONOPNOONOL
PEEVAYEMVK,10,ONNOORNOOP
LNKKIRNAQL,10,OLPPOPLOLO
TKELGKVMRM,10,LPNOOPOOPO
LDELKIMLQA,10,ONNOPOOOLO
SSIYISKYLM,10,LLOROLPROO
PRITVAWCKK,10,OPOLOORLPP
KADILLLRAG,10,PONOOOOPOO
KPISSLLIRG,10,POOLLOOOPO
PEKWDIITRK,10,ONPRNOOLPP
NDTVQTYNQL,10,LNLOLLRLLO
KLELQKLLER,10,PONOLPOONP
GKTIHKYVHL,10,OPLOPPROPO
TSTDLKLLGK,10,LLLNOPOOOP
YTTIELFSMS,10,RLLONORLOL
DNLLRQLAQK,10,NLOOPLOOLP
RAEAEEHLKL,10,PONONNPOPO
PAELCEFYSR,10,OONOLNRRLP
LWQLVEYLKL,10,ORLOONROPO
PEVTNQFLKQ,10,ONOLLLROPL
VVCYETISKA,10,OOLRNLOLPO
AKKCMAVYQT,10,OPPLOOORLL
GLSRELFESW,10,OOLPNORNLR
ALAKDFIRRL,10,OOOPNROPPO
MEKFKKFAAR,10,ONPRPPROOP
EARFIARSLS,10,NOPROOPLOL
PDIISRIPKI,10,ONOOLPOOPO
SAQVACLYRK,10,LOLOOLORPP
DTELTTLLRR,10,NLNOLLOOPP
LENLKTHLRS,10,ONLOPLPOPL
AGQFEELLRL,10,OOLRNNOOPO
SSTKMQILEG,10,LLLPOLOONO
EKTLRKWLKM,10,NPLOPPROPO
IMCLHSKIKS,10,OOLOPLPOPL
EDLKDLITRM,10,NNOPNOOLPO
PQALKSFQDF,10,OLOOPLRLNR
LDNAIDMIRE,10,ONLOONOOPN
IPVAAEYDKT,10,OOOOONRNPL
VVLCKLINRL,10,OOOLPOOLPO
EEEVEEVLKN,10,NNNONNOOPL
KDEILSDVAS,10,PNNOOLNOOL
FATRNMCNEL,10,ROLPLOLLNO
TKELGTVMRS,10,LPNOOLOOPL
NGWLDRFRRR,10,LORONPRPPP
PHDFIEHFLS,10,OPNRONPROL
WAEAEKYCQL,10,RONONPRLLO
TLQKKIEEIA,10,LOLPPONNOO
LSERCAQYKK,10,OLNPLOLRPP
HERLFELILM,10,PNPORNOOOO
PEAKSLLAGL,10,ONOPLOOOOO
LAFNALIHRH,10,OORLOOOPPP
DEKANMFRSQ,10,NNPOLORPLL
GRHTLRSLVH,10,OPPLOPLOOP
AKYCQVVCTY,10,OPRLLOOLLR
AFVCGRICTH,10,OROLOPOLLP
GQLMGEIAKA,10,OLOOONOOPO
DDRLREERKK,10,NNPOPNNPPP
QYMESTVASW,10,LRONLLOOLR
LKARLEYLRD,10,OPOPONROPN
FIPALLQCIV,10,ROOOOOLLOO
PQDLRSYVLQ,10,OLNOPLROOL
LSEIRHILET,10,OLNOPPOONL
LEPLLERIGR,10,ONOOONPOOP
NLELSFRVWQ,10,LONOLRPORL
HTDSHLHTRQ,10,PLNLPOPLPL
LAARDSLRLE,10,OOOPNLOPON
VPAFQGALTM,10,OOORLOOOLO
TRKSRDFNEE,10,LPPLPNRLNN
NMEIGMKVAL,10,LONOOOPOOO
PHVCKLMKIC,10,OPOLPOOPOL
LDILLQWMEE,10,ONOOOLRONN
EWSAFSCFQK,10,NRLORLLRLP
EPVRQKIAIT,10,NOOPLPOOOL
QEERYKMVQA,10,LNNPRPOOLO
SFLWNVFQRV,10,LRORLORLPO
KNELKQALSG,10,PLNOPLOOLO
LDQLVQALRA,10,ONLOOLOOPO
KRIQKSISQK,10,PPOLPLOLLP
PVMSTVAFLA,10,OOOLLOOROO
DSETLTMIMD,10,NLNLOLOOON
KECKDLITRM,10,PNLPNOOLPO
RDAIVEALET,10,PNOOONOONL
MADFRKFFAK,10,OONRPPRROP
KDELLEAARS,10,PNNOONOOPL
RKQVTELLLR,10,PPLOLNOOOP
LQTCRLLLSY,10,OLLLPOOOLR
DDIRALLIDA,10,NNOPOOOONO
SELWLRFKEL,10,LNOROPRPNO
EEITALKIKY,10,NNOLOOPOPR
EDAVRRYLTR,10,NNOOPPROLP
GSDVLEWLQA,10,OLNOONROLO
WDSMEEYTCM,10,RNLONNRLLO
KFELACLANL,10,PRNOOLOOLO
QQVFERHVQT,10,LLORNPPOLL
LSDIVVTLVE,10,OLNOOOLOON
LPAYAKRSQR,10,OOOROPPLLP
FHEASEDCIS,10,RPNOLNNLOL
KDRFLKQCEN,10,PNPROPLLNL
TEWIQDFKTH,10,LNROLNRPLP
LDAVRAEWER,10,ONOOPONRNP
VASYLLAALG,10,OOLROOOOOO
VEAITHLLLD,10,ONOOLPOOON
KKIAELLCKR,10,PPOONOOLPP
STFYSQRLAE,10,LLRRLLPOON
NKAAALLRLA,10,LPOOOOOPOO
STVFAAMCGL,10,LLOROOOLOO
LSKMLEILEQ,10,OLPOONOONL
GVVKGLQEVG,10,OOOPOOLNOO
FNSSLACIAM,10,RLLLOOLOOO
ADIWRFYLLY,10,ONORPRROOR
NDQIESLRQR,10,LNLONLOPLP
LSELRAMAKA,10,OLNOPOOOPO
SVEILKNWKK,10,LONOOPLRPP
FAEKVANAES,10,RONPOOLONL
LPALLENLKL,10,OOOOONLOPO
GDVVRDMAQI,10,ONOOPNOOLO
NQVLKPFLED,10,LLOOPORONN
PAYVQLLEKA,10,OOROLOONPO
RELWLKFHEV,10,PNOROPRPNO
HKITQLKIEN,10,PPOLLOPONL
SNLKTHIKTK,10,LLOPLPOPLP
EYLVNFLHKL,10,NROOLROPPO
PEWKKFIEER,10,ONRPPRONNP
LHECLEAAMI,10,OPNLONOOOO
PEMYQTMLDC,10,ONORLLOONL
IKCQQEHWHA,10,OPLLLNPRPO
KTAIAMGMAQ,10,PLOOOOOOOL
ERDMHSAYKH,10,NPNOPLORPP
DYFLLRWLRA,10,NRROOPROPO
LVQQRENEKL,10,OOLLPNLNPO
MEELSQALAS,10,ONNOLLOOOL
AMDELERALS,10,OONNONPOOL
CWLNAFAEML,10,LROLORONOO
VVVHDWLYYY,10,OOOPNRORRR
EVQAGAARDA,10,NOLOOOOPNO
DSQAQRMAEN,10,NLLOLPOONL
LEDAAKKAVA,10,ONNOOPPOOO
TLELKERQIA,10,LONOPNPLOO
MLRDIMDAQR,10,OOPNOONOLP
AKAVVAALMK,10,OPOOOOOOOP
KHYVELLVAQ,10,PPRONOOOOL
GNCVIDWLVS,10,OLLOONROOL
ESCALEHFRA,10,NLLOONPRPO
RHARAAVLGE,10,PPOPOOOOON
KSSLVLRFVK,10,PLLOOOPROP
FQEAQSYADD,10,RLNOLLRONN
VNEIFMAIAK,10,OLNOROOOOP
TSILEFYREL,10,LLOONRRPNO
EEMIVALREA,10,NNOOOOOPNO
MAFGLQMFIQ,10,OOROOLOROL
TCSFFIYLSE,10,LLLRROROLN
GPSWVHYQCM,10,OOLROPRLLO
ISMAISYLYN,10,OLOOOLRORL
PGVQAYIGNR,10,OOOLOROOLP
LPQLLNMYIH,10,OOLOOLOROP
WQEKVRRIRE,10,RLNPOPPOPN
SECQHLIRWC,10,LNLLPOOPRL
VKDLMSKAEK,10,OPNOOLPONP
QEKFFQELFD,10,LNPRRLNORN
FNELNDLFKA,10,RLNOLNORPO
FDEFIKIFHG,10,RNNROPORPO
DVAKTFRKAI,10,NOOPLRPPOO
LPVLDLIDAI,10,OOOONOONOO
SKDIQYLKDS,10,LPNOLROPNL
SELRSVLVMM,10,LNOPLOOOOO
RHLLEYINET,10,PPOONROLNL
QPLLREVLEK,10,LOOOPNOONP
AEDIKKAVGA,10,ONNOPPOOOO
LKDFWRMVWE,10,OPNRRPOORN
CQEARRAWLD,10,LLNOPPORON
ALRLQKLLQD,10,OOPOLPOOLN
EETVDLMVEH,10,NNLONOOONP
PMRAIFMIPT,10,OOPOOROOOL
DDFTDFVKKC,10,NNRLNROPPL
DKVLDKIVHY,10,NPOONPOOPR
FTEAQLLCTQ,10,RLNOLOOLLL
EGALLRALQS,10,NOOOOPOOLL
TAEMYDNILN,10,LONORNLOOL
NSARHLLEGL,10,LLOPPOONOO
DNTAQQIKKV,10,NLLOLLOPPO
QMVIDGCKKY,10,LOOONOLPPR
EEAAEDVKQY,10,NNOONNOPLR
FPVGLYYCFS,10,ROOOORRLRL
AGDLRRKAME,10,OONOPPPOON
GSAWFSFLES,10,OLORRLRONL
VNDFWQMAWQ,10,OLNRRLOORL
ESCALQHFRT,10,NLLOOLPRPL
KEILEELQLN,10,PNOONNOLOL
QQQFQSIYAK,10,LLLRLLOROP
EKEFIEGTLA,10,NPNRONOLOO
PQMAATFAKL,10,OLOOOLROPO
LQEVLKTALI,10,OLNOOPLOOO
LLPYTIMAIF,10,OOORLOOOOR
GAYVVKLLEE,10,OOROOPOONN
SIILGYCIGT,10,LOOOORLOOL
LIDYLQQKKT,10,OONROLLPPL
ELLMKLRRKT,10,NOOOPOPPPL
PSQLQKFQQD,10,OLLOLPRLLN
FKVQTLARSL,10,RPOLLOOPLO
GREHTLAWKL,10,OPNPLOORPO
KRFAKEFMDR,10,PPROPNRONP
PEEACSFILS,10,ONNOLLROOL
NDLLLKIKDT,10,LNOOOPOPNL
LQRTVDGMQQ,10,OLPLONOOLL
FSLVRKIVAK,10,RLOOPPOOOP
RVFSWLQQEG,10,PORLROLLNO
TEQILRDIQQ,10,LNLOOPNOLL
SNLQALIDST,10,LLOLOOONLL
PADAKNAAKD,10,OONOPLOOPN
LDQLRKLLSF,10,ONLOPPOOLR
VEDVDKLDQR,10,ONNONPONLP
VEKTWKALQD,10,ONPLRPOOLN
PRMYSLMTEC,10,OPORLOOLNL
FKDIHVRLRS,10,RPNOPOPOPL
RRYAHVVLRK,10,PPROPOOOPP
AKLIHEQEQQ,10,OPOOPNLNLL
FDLLNYFAIA,10,RNOOLRROOO
KARVRFNLME,10,POPOPRLOON
AQFEIMLKAK,10,OLRNOOOPOP
LKFETSVRAK,10,OPRNLLOPOP
RQFLTQLMQK,10,PLROLLOOLP
IFDMLEHFRV,10,ORNOONPRPO
LKPLWKGIRQ,10,OPOORPOOPL
SRELQALKTH,10,LPNOLOOPLP
ADELQRCLTQ,10,ONNOLPLOLL
PQELQKALTT,10,OLNOLPOOLL
PQAVNSIAKR,10,OLOOLLOOPP
LDNILAAVHD,10,ONLOOOOOPN
VKCILLVARC,10,OPLOOOOOPL
TLSKNILTLI,10,LOLPLOOLOO
EVQNLLPDTI,10,NOLLOOONLO
EDITLQITES,10,NNOLOLOLNL
NLLAKELWSS,10,LOOOPNORLL
KATLLIWRRT,10,POLOOORPPL
FNNYKTYRKL,10,RLLRPLRPPO
LYEKNLVKHL,10,ORNPLOOPPO
PHFHHFVEQC,10,OPRPPRONLL
QDIETLKKFL,10,LNONLOPPRO
YEWARKMAVD,10,RNROPPOOON
TLYDIRAELS,10,LORNOPONOL
FKQAEKMMET,10,RPLONPOONL
MAFNALIHKH,10,OORLOOOPPP
EEEFIHINNK,10,NNNROPOLLP
AEHFAEYAGR,10,ONPRONROOP
APRVWWMFRA,10,OOPORRORPO
YEDIKENLES,10,RNNOPNLONL
PEEIRHLFQE,10,ONNOPPORLN
ENFISRAFAT,10,NLROLPOROL
ELEQKRALTE,10,NONLPPOOLN
RDYFQMARAN,10,PNRRLOOPOL
KDLQDVLKCC,10,PNOLNOOPLL
LCPAVRAVLE,10,OLOOOPOOON
GVLVRCMLNI,10,OOOOPLOOLO
GSIFDRVLTE,10,OLORNPOOLN
REQVQRLIAE,10,PNLOLPOOON
IRELVSRLQE,10,OPNOOLPOLN
RSIVEHVASK,10,PLOONPOOLP
LISRWQKCVD,10,OOLPRLPLON
MAFCALVHNF,10,OORLOOOPLR
PAQIWRVAEQ,10,OOLORPOONL
GQLKKNMDEN,10,OLOPPLONNL
PIKIALRWFC,10,OOPOOOPRRL
PWAVSLALSV,10,OROOLOOOLO
SSAAQRLFQE,10,LLOOLPORLN
PVDRIARDLR,10,OONPOOPNOP
VRTFLRAVTK,10,OPLROPOOLP
TPYRQWYESH,10,LORPLRRNLP
KKIQKKYDER,10,PPOLPPRNNP
GWDCVRACCT,10,ORNLOPOLLL
IEDAVKLLQE,10,ONNOOPOOLN
EQFHRAMKYD,10,NLRPPOOPRN
KPFKEFVEAC,10,PORPNRONOL
ARGRAFLEHL,10,OPOPORONPO
KIRGALNAVR,10,POPOOOLOOP
KRDAEDAMDA,10,PPNONNOONO
VGELLVTICS,10,OONOOOLOLL
ERKMEKLKAK,10,NPPONPOPOP
QHLKDVEKIL,10,LPOPNONPOO
AAVAQCFLAE,10,OOOOLLROON
PPYYSYLKKR,10,OORRLROPPP
LADCLLVNLA,10,OONLOOOLOO
WWENAIAALF,10,RRNLOOOOOR
FEAAVGKLAK,10,RNOOOOPOOP
PSLQSALPFL,10,OLOLLOOORO
QVLGDLSMIL,10,LOOONOLOOO
PFDKMATLLA,10,ORNPOOLOOO
FEEFMTRHQV,10,RNNROLPPLO
VLDIIKHIVA,10,OONOOPPOOO
KSFRKMISLC,10,PLRPPOOLOL
AEGVSQELIS,10,ONOOLLNOOL
ADIVQLLLAK,10,ONOOLOOOOP
YALYIVALCL,10,ROOROOOOLO
HDFRDHAKNA,10,PNRPNPOPLO
GHCIAFAPTW,10,OPLOOROOLR
YSFFKTALDD,10,RLRRPLOONN
KSCLLLQFTD,10,PLLOOOLRLN
IKQFLDFGRD,10,OPLRONROPN
TVLCDIILLN,10,LOOLNOOOOL
QYCRFQKCLA,10,LRLPRLPLOO
MAVKEKISMF,10,OOOPNPOLOR
QAMLDRYRIL,10,LOOONPRPOO
PDLHSHFSDL,10,ONOPLPRLNO
IETVRFLLEW,10,ONLOPROONR
PMRAIFMIPT,10,OOPOOROOOL
DNFTDFVKQC,10,NLRLNROPLL
SLLQEVVYLV,10,LOOLNOOROO
PKDLVVSYYQ,10,OPNOOOLRRL
SALISLRKRA,10,LOOOLOPPPO
NEVAAALAEA,10,LNOOOOOONO
VTGVHRLYQL,10,OLOOPPORLO
KATQKVSEKV,10,POLLPOLNPO
FPALDILRLS,10,ROOONOOPOL
GAQFSSHLIN,10,OOLRLLPOOL
TMLAKVCSDK,10,LOOOPOLLNP
PEFLQSVLEN,10,ONROLLOONL
KTSLVLRYCE,10,PLLOOOPRLN
IQEAESYAES,10,OLNONLRONL
KTCLLMSYAN,10,PLLOOOLROL
KTEFLSFMNT,10,PLNROLROLL
GVLDRMMKKL,10,OOONPOOPPO
GAIFDRVLTE,10,OOORNPOOLN
PGLMRMRERY,10,OOOOPOPNPR
PLDLEFMKHL,10,OONONROPPO
LQDLKEVTHN,10,OLNOPNOLPL
DLAKQALQEI,10,NOOPLOOLNO
QKELAQLARM,10,LPNOOLOOPO
PPLEQLIDHM,10,OOONLOONPO
HQVIASTLSL,10,PLOOOLLOLO
VNTMKNSLVS,10,OLLOPLLOOL
PDFISYLTER,10,ONROLROLNP
YPAVCEFLQH,10,ROOOLNROLP
LPARQLLAAI,10,OOOPLOOOOO
PGALLQSLKL,10,OOOOOLLOPO
VEDFWRMIWE,10,ONNRRPOORN
DEKVAYLQKL,10,NNPOOROLPO
CHDFWQMVWE,10,LPNRRLOORN
KTCLLIVFSK,10,PLLOOOORLP
KTCLLIVFSK,10,PLLOOOORLP
SEEGRDMANR,10,LNNOPNOOLP
AQCVTVKENL,10,OLLOLOPNLO
AWSAKAAEEA,10,ORLOPOONNO
AQYCQMRCTF,10,OLRLLOPLLR
AFVCRTICTY,10,OROLPLOLLR
VNVCQETCTK,10,OLOLLNLLLP
FEEALEMASK,10,RNNOONOOLP
DHLLNFVRER,10,NPOOLROPNP
AAPLKSLVAT,10,OOOOPLOOOL
VVPYTIHLLA,10,OOORLOPOOO
SEFFHQRFRN,10,LNRRPLPRPL
AKCFEAHQWF,10,OPLRNOPLRR
IEECAAKCEE,10,ONNLOOPLNN
VTWIEGVMRN,10,OLRONOOOPL
FQVEYAIEAI,10,RLONROONOO
KELVQDLLKT,10,PNOOLNOOPL
FPLFVLALLK,10,ROOROOOOOP
VYLVLLMGLL,10,OROOOOOOOO
VAEAHENIIH,10,OONOPNLOOP
PLGLAYFTEF,10,OOOOORRLNR
RKCLIKWLEV,10,PPLOOPRONO
LASKARMAGE,10,OOLPOPOOON
QVCVDQWLIT,10,LOLONLROOL
LDEINKKELS,10,ONNOLPPNOL
IIFLFFFVVE,10,OORORRROON
VYVVVVIVAG,10,OROOOOOOOO
IPGYAIYKLI,10,OOOROORPOO
EEMEKEIKNV,10,NNONPNOPLO
VAELKQELKL,10,OONOPLNOPO
KQMLLFLKDV,10,PLOOOROPNO
KADVAQMVRK,10,PONOOLOOPP
VKKTRDLVVR,10,OPPLPNOOOP
HNEIQHMITR,10,PLNOLPOOLP
VKEIHQAADY,10,OPNOPLOONR
KEKLLNNGDK,10,PNPOOLLONP
KEVYDVMLGC,10,PNORNOOOOL
RKGKRMVARI,10,PPOPPOOOPO
RQKLNLLETK,10,PLPOLOONLP
CTDFWQMTWE,10,LLNRRLOLRN
GQVKNFFVNY,10,OLOPLRROLR
KSALTVQFVQ,10,PLOOLOLROL
KEQGQNLARQ,10,PNLOLLOOPL
GWLRDHCLQT,10,OROPNPLOLL
LEEGRHLAGT,10,ONNOPPOOOL
TRMILFKMLT,10,LPOOORPOOL
WEEYFEWFCQ,10,RNNRRNRRLL
PEELNLILKN,10,ONNOLOOOPL
PLELQYIEMK,10,OONOLRONOP
SELETRMSSL,10,LNONLPOLLO
EQKLLAELDA,10,NLPOOONONO
SEDITQIVAN,10,LNNOLLOOOL
DLVQEYIEKH,10,NOOLNRONPP
NTEAIDCITQ,10,LLNOONLOLL
PEVYAIMRGC,10,ONOROOOPOL
GNMYTLYFLQ,10,OLORLORROL
PLKIREQQRS,10,OOPOPNLLPL
EDGWLMRQDT,10,NNOROOPLNL
RMTIWRGLQD,10,POLORPOOLN
YAENFIQSII,10,RONLROLLOO
EAYATMLRSI,10,NOROLOOPLO
PSDSVAVIAA,10,OLNLOOOOOO
KSSLTIQFVE,10,PLLOLOLRON
YEEGKALAES,10,RNNOPOOONL
NEEGIQRVLT,10,LNNOOLPOOL
STTIEFVTQR,10,LLLONROLLP
KLHMMKEKWW,10,POPOOPNPRR
PEEIIQILAQ,10,ONNOOLOOOL
EREYLQCLHF,10,NPNROLLOPR
PTELKQKFKD,10,OLNOPLPRPN
QRSTILAVDN,10,LPLLOOOONL
KSALTLQFMY,10,PLOOLOLROR
AAIRDNYFRS,10,OOOPNLRRPL
KTCLLISYTT,10,PLLOOOLRLL
YPQGLAMAKE,10,ROLOOOOOPN
KSALVVRFLT,10,PLOOOOPROL
FQTKTLIAQN,10,RLLPLOOOLL
RQLVQVWLQA,10,PLOOLOROLO
KTALLHVFAK,10,PLOOOPOROP
PALMALRKRA,10,OOOOOOPPPO
NEVAAALAES,10,LNOOOOOONL
VCAAIQWLQD,10,OLOOOLROLN
HKQVVDLIRA,10,PPLOONOOPO
FPEFVNELHN,10,RONROLNOPL
FPALINRMKA,10,ROOOOLPOPO
QEEVVSLLRS,10,LNNOOLOOPL
SKLYRLMQRC,10,LPORPOOLPL
AEVFQALEQL,10,ONORLOONLO
RRTASDVAQH,10,PPLOLNOOLP
TDQALLTLLQ,10,LNLOOOLOOL
KTCLLISYTT,10,PLLOOOLRLL
REEFRALCTE,10,PNNRPOOLLN
KSSFLMRLCK,10,PLLROOPOLP
RSIAKSYFRK,10,PLOOPLRRPP
LAQELANEIR,10,OOLNOOLNOP
HQSVVETFIQ,10,PLLOONLROL
ETFRKFLALY,10,NLRPPROOOR
DRYCNLMMQR,10,NPRLLOOOLP
AVFRDFLNRC,10,OORPNROLPL
PQNLKDAILK,10,OLLOPNOOOP
ILPDMVKIAL,10,OOONOOPOOO
YREQAQQIEL,10,RPNLOLLONO
GHLYASIRAG,10,OPOROLOPOO
PAGDLQETFS,10,OOONOLNLRL
KSALTVQFVQ,10,PLOOLOLROL
KEQGQNLARQ,10,PNLOLLOOPL
KSCLIRRFTE,10,PLLOOPPRLN
RHEAEKLAAA,10,PPNONPOOOO
LEEMRRALKE,10,ONNOPPOOPN
FGRYSDSLVQ,10,ROPRLNLOOL
ASKTLRTLLE,10,OLPLOPLOON
SGKVKDILQN,10,LOPOPNOOLL
NHVLTDAQKI,10,LPOOLNOLPO
FGDIFRISSM,10,RONORPOLLO
PQVQEDVFAA,10,OLOLNNOROO
TELERAFGYY,10,LNONPORORR
IECFTYLHRA,10,ONLRLROPPO
LTPANLLAKI,10,OLOOLOOOPO
KEHVEEISEL,10,PNPONNOLNO
ALGVIRSLHS,10,OOOOOPLOPL
TYQLAIVAKH,10,LRLOOOOOPP
FDKFYKYVYS,10,RNPRRPRORL
PSFINFVNLC,10,OLROLROLOL
GVVWEETIIL,10,OOORNNLOOO
KKDCEAYALQ,10,PPNLNOROOL
ELLLTEMMFN,10,NOOOLNOORL
YEECKRRRST,10,RNNLPPPPLL
QQCRLRKCKE,10,LLLPOPPLPN
VKDVYSAAKK,10,OPNORLOOPP
CLFTSVYYVV,10,LORLLORROO
KSHMQSIIDK,10,PLPOLLOONP
KEIAWQALHL,10,PNOORLOOPO
HSQVYAVKTV,10,PLLOROOPLO
MPELQKLQQL,10,OONOLPOLLO
GFYFAKLYYE,10,ORRROPORRN
KTCLLIVFSK,10,PLLOOOORLP
TDDGRAMAVR,10,LNNOPOOOOP
YNLKKLQAET,10,RLOPPOLONL
PSAMHEARDF,10,OLOOPNOPNR
RKRVEAALSA,10,PPPONOOOLO
KEHLTKFINQ,10,PNPOLPROLL
ELKAYDLLSK,10,NOPORNOOLP
SVQFVDYNKR,10,LOLRONRLPP
CSKIIQRAEE,10,LLPOOLPONN
ERYNSQMKRA,10,NPRLLLOPPO
MSSGMSQLIG,10,OLLOOLLOOO
LLDFWRMIWE,10,OONRRPOORN
YPVRKSIQQD,10,ROOPPLOLLN
KSALTIQLIQ,10,PLOOLOLOOL
SRQAQDLARS,10,LPLOLNOOPL
AARLTMMWEE,10,OOPOLOORNN
VGRLLELLTK,10,OOPOONOOLP
FWTRLAKALS,10,RRLPOOPOOL
RPELEELRNK,10,PONONNOPLP
VLPVLDLAQR,10,OOOOONOOLP
ISAMNKVAEV,10,OLOOLPOONO
PMRVYEVATF,10,OOPORNOOLR
QNFAATVLRN,10,LLROOLOOPL
APERAHLAKN,10,OONPOPOOPL
QFCRFQKCLA,10,LRLPRLPLOO
LLTSLVRAHL,10,OOLLOOPOPO
NDAIVAFARN,10,LNOOOOROPL
GLAAALSKAA,10,OOOOOOLPOO
PLSKSLLEKA,10,OOLPLOONPO
ELQEELDTVG,10,NOLNNONLOO
IAPCQKAMQD,10,OOOLLPOOLN
TVPFARYLAM,10,LOOROPROOO
WEEVKNEMVG,10,RNNOPLNOOO
LDIVREVKDK,10,ONOOPNOPNP
IQTCISFCRS,10,OLLLOLRLPL
VNIKKQLEML,10,OLOPPLONOO
VGPLCNSYDA,10,OOOOLLLRNO
PEWLEECFRC,10,ONRONNLRPL
LEESLKRAHV,10,ONNLOPPOPO
LSTMKAIVEC,10,OLLOPOOONL
EMSAELEALY,10,NOLONONOOR
EDQWLQLLRT,10,NNLROLOOPL
EEEVFDSIVN,10,NNNORNLOOL
AEAIGIMRRL,10,ONOOOOOPPO
VNDFWRMIWE,10,OLNRRPOORN
GLEEEFKKLT,10,OONNNRPPOL
IEDFWRMIWE,10,ONNRRPOORN
KSSLMNRYVT,10,PLLOOLPROL
TEEAQTWCME,10,LNNOLLRLON
EQDLKMFLLS,10,NLNOPOROOL
KEVIASIISR,10,PNOOOLOOLP
DLEIVNILER,10,NONOOLOONP
RKCLCRLLTN,10,PPLOLPOOLL
KKRYEAKLKK,10,PPPRNOPOPP
IPFLADYVHS,10,OOROONROPL
VVQDAQTFAE,10,OOLNOLLRON
VLLAQIIQVV,10,OOOOLOOLOO
VARSWRTSQR,10,OOPLRPLLLP
PADITVLFKM,10,OONOLOORPO
MASLYGQLDT,10,OOLOROLONL
WDHVSAKLEQ,10,RNPOLOPONL
NESFVIYMFV,10,LNLROORORO
IEAKDLIHQL,10,ONOPNOOPLO
PELLKQKLQS,10,ONOOPLPOLL
PACRLRKCCQ,10,OOLPOPPLLL
FPKHVADLHA,10,ROPPOONOPO
AEDFWRMIWE,10,ONNRRPOORN
PSTVLQQIDS,10,OLLOOLLONL
CAAKDLISKL,10,LOOPNOOLPO
YHHYLPLFFD,10,RPPROOORRN
PVAKSILQQA,10,OOOPLOOLLO
IVLCKMINLS,10,OOOLPOOLOL
KAYFHLLNQI,10,PORRPOOLLO
LAVVDLIDAI,10,OOOONOONOO
LSEICKLSNK,10,OLNOLPOLLP
LEELKESILA,10,ONNOPNLOOO
TEIVEFLLQL,10,LNOONROOLO
SQCLRDSLKN,10,LLLOPNLOPL
MHQILLYLLR,10,OPLOOOROOP
PDHARNSLSN,10,ONPOPLLOLL
RKMEVAFMVC,10,PPONOOROOL
YTLSFLKRQR,10,RLOLROPPLP
AIFRDFLNRC,10,OORPNROLPL
TPLIAAAKEA,10,LOOOOOOPNO
QDLLDTLEDN,10,LNOONLONNL
PAIEAIQKER,10,OOONOOLPNP
KTCLLISYTT,10,PLLOOOLRLL
YPQGLAMARE,10,ROLOOOOOPN
ESIWLPFMET,10,NLOROORONL
KTSIIKRYVH,10,PLLOOPPROP
RDEAKSLIER,10,PNNOPLOONP
EDGLLNLIRT,10,NNOOOLOOPL
CANKLLRWLR,10,LOLPOOPROP
GIQELIGLIK,10,OOLNOOOOOP
PPAMNEIILG,10,OOOOLNOOOO
FQTREATRKN,10,RLLPNOLPPL
FADKIHLAYE,10,RONPOPOORN
SRFWKHEWEK,10,LPRRPPNRNP
LHPEIVECRV,10,OPONOONLPO
SSFRAAAITS,10,LLRPOOOOLL
KSSLLLRFAD,10,PLLOOOPRON
KSCLLHQFIE,10,PLLOOPLRON
FLEASRFAQE,10,RONOLPROLN
PERLLAVAER,10,ONPOOOOONP
RNFSEDVLGW,10,PLRLNNOOOR
HETHELTRMN,10,PNLPNOLPOL
EEMYRLMLQC,10,NNORPOOOLL
FWEERDIMAF,10,RRNNPNOOOR
KHAKNLICAF,10,PPOPLOOLOR
ESALEKKLSE,10,NLOONPPOLN
DQLNHILGIL,10,NLOLPOOOOO
SKALDLLDKM,10,LPOONOONPO
PRVLHFYATL,10,OPOOPRROLO
LATRRAFLKK,10,OOLPPOROPP
YCRFQKCLAL,10,RLPRLPLOOO
IETLWQAEKG,10,ONLORLONPO
HHAAIEILQN,10,PPOOONOOLL
VGDFWQMIWE,10,OONRRLOORN
KDTQLKYFEK,10,PNLLOPRRNP
HAEFLDIMKR,10,PONRONOOPP
DEVYDLMRQC,10,NNORNOOPLL
QFDELTLLHL,10,LRNNOLOOPO
KEASRQALMD,10,PNOLPLOOON
AEINNIIKIV,10,ONOLLOOPOO
EEKLAQAEAA,10,NNPOOLONOO
KKDLIQMLVQ,10,PPNOOLOOOL
LVELTVHMNE,10,OONOLOPOLN
LQDLSVHMIK,10,OLNOLOPOOP
LEQILSQYIT,10,ONLOOLLROL
INDLKLTLSK,10,OLNOPOLOLP
MESTKEFFTK,10,ONLLPNRRLP
NQQIIENIMN,10,LLLOONLOOL
LRLTDKIVRK,10,OPOLNPOOPP
KEGKDRIKKL,10,PNOPNPOPPO
QPLQTVLNQL,10,LOOLLOOLLO
LKDVVWGLNS,10,OPNOOROOLL
RTCYEEMLKE,10,PLLRNNOOPN
KDHKKRLKQL,10,PNPPPPOPLO
HENVSLAKAK,10,PNLOLOOPOP
LECGTQLCLL,10,ONLOLLOLOO
GVGMAAVQLC,10,OOOOOOOLOL
GVGQAVAQLC,10,OOOLOOOLOL
TLRSLKDALF,10,LOPLOPNOOR
KDFKITIGKI,10,PNRPOLOOPO
KKGRNWLHKA,10,PPOPLROPPO
NKILVDMAKM,10,LPOOONOOPO
WTRVDTILEF,10,RLPONLOONR
KKFISRLRKE,10,PPROLPOPPN
RLIRSIMEEC,10,POOPLOONNL
KGHLKVHIER,10,POPOPOPONP
VKNLIKHIRD,10,OPLOOPPOPN
KSNLKAHMNR,10,PLLOPOPOLP
LLELVEYYQC,10,OONOONRRLL
RDVEKAFMKA,10,PNONPOROPO
IYTAAEEIEA,10,ORLOONNONO
TKRLDLMMNV,10,LPPONOOOLO
SSKAKELKDR,10,LLPOPNOPNP
ANDVSDVIKR,10,OLNOLNOOPP
ADDLRQLFGD,10,ONNOPLORON
AHIKQLARFA,10,OPOPLOOPRO
KTVNELQNLT,10,PLOLNOLLOL
ALCRLLELLE,10,OOLPOONOON
AEVHELMKLC,10,ONOPNOOPOL
YKDVIPMADA,10,RPNOOOOONO
PEMLMRWNNL,10,ONOOOPRLLO
PDLQAIRIAS,10,ONOLOOPOOL
KTVLSKAIEK,10,PLOOLPOONP
MGDFWRMVWE,10,OONRRPOORN
TEDFWRMLWE,10,LNNRRPOORN
ERQARELADK,10,NPLOPNOONP
LRKALLMCEA,10,OPPOOOOLNO
CNKVLRELVK,10,LLPOOPNOOP
IEELNRYRDT,10,ONNOLPRPNL
DVDVQELVRR,10,NONOLNOOPP
DKYRLDLLTQ,10,NPRPONOOLL
AAQAKNLIDA,10,OOLOPLOONO
GFDAIMQVAV,10,ORNOOOLOOO
IAHLVQKLSE,10,OOPOOLPOLN
QPVYKELKNL,10,LOORPNOPLO
SKALDLLDRM,10,LPOONOONPO
VYLVLLMGLL,10,OROOOOOOOO
RLQAIKAAIM,10,POLOOPOOOO
GDVGVHCVLQ,10,ONOOOPLOOL
CEPLASVLRA,10,LNOOOLOOPO
CSHFSSVLAQ,10,LLPRLLOOOL
PDDILLFRDR,10,ONNOOORPNP
EDIILFRDRF,10,NNOOORPNPR
LALCALVYRL,10,OOOLOOORPO
PEQQKKLWVG,10,ONLLPPOROO
DSDLLKLNQL,10,NLNOOPOLLO
RMRQRIAQRL,10,POPLPOOLPO
VSRLIFVRHM,10,OLPOOROPPO
KQHFEWLVKY,10,PLPRNROOPR
ETKAMEQLTK,10,NLPOONLOLP
PMEFVEYNKQ,10,OONRONRLPL
VAMQLNAGVF,10,OOOLOLOOOR
GAALRDVLGR,10,OOOOPNOOOP
APELLERLAR,10,OONOONPOOP
RPELALRFAR,10,PONOOOPROP
SGPLKEQYAQ,10,LOOOPNLROL
AFVTGEWGRA,10,OROLONROPO
NYVIQKFFEF,10,LROOLPRRNR
TSVKEKISMF,10,LLOPNPOLOR
QKKLQMAEKL,10,LPPOLOONPO
NSITSAYYRS,10,LLOLLORRPL
KSSLVLRFVK,10,PLLOOOPROP
YEEAQAYADD,10,RNNOLORONN
SFLVDACTSL,10,LROONOLLLO
DEELKRVASF,10,NNNOPPOOLR
SVNAVANKAK,10,LOLOOOLPOP
LFLKSLIQDT,10,OROPLOOLNL
FGDFWRMVWE,10,RONRRPOORN
TEDFWRMLWE,10,LNNRRPOORN
TSKFLTALAQ,10,LLPROLOOOL
QILMLRMIME,10,LOOOOPOOON
STVKDLISRL,10,LLOPNOOLPO
LMEDVENSFF,10,OONNONLLRR
QPLYLEIRNE,10,LOORONOPLN
CCHFWLMVWQ,10,LLPRROOORL
TRVIQCYIQY,10,LPOOLLROLR
PKDRKVIVKT,10,OPNPPOOOPL
HLVLLAAFDC,10,POOOOOORNL
KSALTVKFLT,10,PLOOLOPROL
FQEAQAYADD,10,RLNOLORONN
DEEVYTAARE,10,NNNORLOOPN
KTLVEYQELT,10,PLOONRLNOL
PYCRFQKCLS,10,ORLPRLPLOL
CLEEKVRSLL,10,LONNPOPLOO
FDDIAYIRKT,10,RNNOOROPPL
LQKIVLHEVE,10,OLPOOOPNON
AEGNRYYEAN,10,ONOLPRRNOL
LTDLVEHYKK,10,OLNOONPRPP
VNDFWRMVFQ,10,OLNRRPOORL
YGPLMALNHM,10,ROOOOOOLPO
QYCRLQKCFE,10,LRLPOLPLRN
GKGILAIFRA,10,OPOOOOORPO
EKLFYRILQD,10,NPORRPOOLN
PDVIRAMASI,10,ONOOPOOOLO
FPGVALAVIL,10,ROOOOOOOOO
MEHIKAAMEM,10,ONPOPOOONO
KQALKQIKAK,10,PLOOPLOPOP
EEVKMLIRNL,10,NNOPOOOPLO
KELMSLVSGL,10,PNOOLOOLOO
CLEEKVQSLL,10,LONNPOLLOO
LEVALLWKVG,10,ONOOOORPOO
PDCCALIRRC,10,ONLLOOOPPL
YQDDAELATR,10,RLNNONOOLP
EEEREAVATI,10,NNNPNOOOLO
WDQVFAAFWQ,10,RNLOROORRL
LEALNRKVHN,10,ONOOLPPOPL
VDEGRACAVV,10,ONNOPOLOOO
FLEASRFAQE,10,RONOLPROLN
PNFDALISKI,10,OLRNOOOLPO
RLMQAMWKCA,10,POOLOORPLO
KVEVAKMIQE,10,PONOOPOOLN
VFQHIWDFLE,10,ORLPORNRON
HEEVLAAGKQ,10,PNNOOOOOPL
SGATATAYLC,10,LOOLOLOROL
LVEFARNLTA,10,OONROPLOLO
PEDNADMARL,10,ONNLONOOPO
YVVVSTEMQS,10,ROOOLLNOLL
DKVVIEACDE,10,NPOOONOLNN
VDDFWRMIWE,10,ONNRRPOORN
IGDFWQMIFQ,10,OONRRLOORL
PEIRELLTQF,10,ONOPNOOLLR
KSALTLQFMY,10,PLOOLOLROR
ESVSYAIALL,10,NLOLROOOOO
NSRLQLVMKS,10,LLPOLOOOPL
ASRLIVTFDE,10,OLPOOOLRNN
PAFVEFLEFL,10,OORONRONRO
AWVYALMIEC,10,OROROOOONL
KTAMLQVLAK,10,PLOOOLOOOP
VELWTIIQKH,10,ONORLOOLPP
PEIQARVQGQ,10,ONOLOPOLOL
HYHQELPKYL,10,PRPLNOOPRO
LMDDIYQFSK,10,OONNORLRLP
MESLIHHFKL,10,ONLOOPPRPO
LADVVAIIGT,10,OONOOOOOOL
LDCILKRKAQ,10,ONLOOPPPOL
HEEVVEKVKK,10,PNNOONPOPP
VVDFNEMMSK,10,OONRLNOOLP
VDDFNELLAR,10,ONNRLNOOOP
MAAGQVSIRY,10,OOOOLOLOPR
QVQRILRERF,10,LOLPOOPNPR
NTQIMNALQK,10,LLLOOLOOLP
EPNIQQYAQN,10,NOLOLLROLL
QRTESIIHRA,10,LPLNLOOPPO
SEFIHDIDRE,10,LNROPNONPN
FMGDEWFVDS,10,ROONNRRONL
AAFALEQISK,10,OOROONLOLP
GYMDQIIEYL,10,ORONLOONRO
DSWEEMLNKA,10,NLRNNOOLPO
QHLLYDLHRS,10,LPOORNOPPL
DDGVLAYKLL,10,NNOOOORPOO
KNRRAVLALE,10,PLPPOOOOON
VVQVKNFFVN,10,OOLOPLRROL
KSSLMNRYVT,10,PLLOOLPROL
TEEAQAWCRD,10,LNNOLORLPN
KTSLMNQYVN,10,PLLOOLLROL
TKRAQAWCYS,10,LPPOLORLRL
LHDCLMKALK,10,OPNLOOPOOP
CKIKALRAKT,10,LPOPOOPOPL
ATIKRIQQQT,10,OLOPPOLLLL
NAHINELLSV,10,LOPOLNOOLO
VQQVTKILHS,10,OLLOLPOOPL
RGNKVKNAML,10,POLPOPLOOO
PEVYVSLIKA,10,ONOROLOOPO
GQFAMQLSKK,10,OLROOLOLPP
SIFRAVNYMY,10,LORPOOLROR
KSCLLHQFTE,10,PLLOOPLRLN
YEEAKQFAEE,10,RNNOPLRONN
KSALTIQLIQ,10,PLOOLOLOOL
SAMRDQYMRT,10,LOOPNLROPL
TKQAQDLARS,10,LPLOLNOOPL
YTTAKEFADS,10,RLLOPNRONL
EQAFEEVFQN,10,NLORNNORLL
PWTQRFFESF,10,ORLLPRRNLR
VGRVHRLLRK,10,OOPOPPOOPP
KADLENHNKD,10,PONONLPLPN
PVVALEAALQ,10,OOOOONOOOL
IQKLSDRLKS,10,OLPOLNPOPL
GLQVAWLVVE,10,OOLOOROOON
RSFAELLHQC,10,PLRONOOPLL
EPFAKLMEDC,10,NOROPOONNL
LDEFKSFCHF,10,ONNRPLRLPR
PALATYYGSL,10,OOOOLRROLO
RKVLADLAIY,10,PPOOONOOOR
DSLYQVMQQC,10,NLORLOOLLL
SPVMEQVLLS,10,LOOONLOOOL
AMEELEKALS,10,OONNONPOOL
TAKLYPILMS,10,LOPOROOOOL
KEVLITWDKK,10,PNOOOLRNPP
MEDIHTLLKE,10,ONNOPLOOPN
VIFKVALSLL,10,OORPOOOLOO
QECRFKKCIY,10,LNLPRPPLOR
PIFRQNLRIA,10,OORPLLOPOO
QDLAQLLSQA,10,LNOOLOOLLO
AQQIIHFLRT,10,OLLOOPROPL
SYSGAFKCLR,10,LRLOORPLOP
GYTGAFRCLA,10,ORLOORPLOO
PLLEACEFLR,10,OOONOLNROP
LSTFIEDLKK,10,OLLRONNOPP
KKEVDQAIKS,10,PPNONLOOPL
YAEAKAVCEF,10,RONOPOOLNR
LGELFLDGLS,10,OONORONOOL
PEMLNKVLSR,10,ONOOLPOOLP
QACRLKRCVD,10,LOLPOPPLON
RWKQQNLKKE,10,PRPLLLOPPN
NSVKRELAAV,10,LLOPPNOOOO
KKVAKRNAAE,10,PPOOPPLOON
LPVYMNCLLK,10,OOOROLLOOP
PLDVAFMKAI,10,OONOOROPOO
FLKLRTMLIT,10,ROPOPLOOOL
MQDLQEVTQD,10,OLNOLNOLLN
WENVTERYMA,10,RNLOLNPROO
PMRVLLKIAK,10,OOPOOOPOOP
SNFKDFLKKC,10,LLRPNROPPL
WNDAVAYCTW,10,RLNOOORLLR
QKSAQTFLSE,10,LPLOLLROLN
KEVMYKIITG,10,PNOORPOOLO
FKADLISYLM,10,RPONOOLROO
EACRKAVYFT,10,NOLPPOORRL
AEVAFNWIIV,10,ONOORLROOO
EEIVAIITSM,10,NNOOOOOLLO
EAIEVIQAAS,10,NOONOOLOOL
AVEAVKEMAS,10,OONOOPNOOL
LEELLAVEAG,10,ONNOOOONOO
PKQLEEEFLK,10,OPLONNNROP
VSDFWEMVWQ,10,OLNRRNOORL
LKKNTAFVKK,10,OPPLLOROPP
RDSLSHDFNG,10,PNLOLPNRLO
IAEAVASIVE,10,OONOOOLOON
RKVKSAAEKF,10,PPOPLOONPR
PEIYQIMLDC,10,ONORLOOONL
VATILSRRIA,10,OOLOOLPPOO
VPMLKEACRA,10,OOOOPNOLPO
GQDALEKIRA,10,OLNOONPOPO
KSNLLSRFTR,10,PLLOOLPRLP
TDEARAFAEK,10,LNNOPORONP
LSTAEEVFSH,10,OLLONNORLP
HTEKADHEEL,10,PLNPONPNNO
GWAWTRALLG,10,ORORLPOOOO
DLSLLKEILK,10,NOLOOPNOOP
AEQIEMFAYH,10,ONLONORORP
ITKLIKMSET,10,OLPOOPOLNL
LGALLAVEHV,10,OOOOOOONPO
QAFQSVGTKW,10,LORLLOOLPR
RTIGVMTMVH,10,PLOOOOLOOP
PGWKFNHWEL,10,OORPRLPRNO
PMVFRNLRER,10,OOORPLOPNP
AAVYSEMISL,10,OOORLNOOLO
DTTVSGLQMA,10,NLLOLOOLOO
NQAQLAMSHL,10,LLOLOOOLPO
EEDLKVLFSS,10,NNNOPOORLL
KSALTVQFVT,10,PLOOLOLROL
ASMRDLYIKN,10,OLOPNOROPL
KSALTIQLIQ,10,PLOOLOLOOL
FYKNVVKIQK,10,RRPLOOPOLP
DPYFRMTRDV,10,NORRPOLPNO
AKQIKTKVNK,10,OPLOPLPOLP
LKMEVAVLKK,10,OPONOOOOPP
KEQVGMIKEK,10,PNLOOOOPNP
FHLFLDHIAS,10,RPORONPOOL
NDQLVAFLSR,10,LNLOOOROLP
MESVRNFEQW,10,ONLOPLRNLR
MQQFNQRYLY,10,OLLRLLPROR
PQYLTELAHY,10,OLROLNOOPR
NEGIQYLRDY,10,LNOOLROPNR
EISKHIREIF,10,NOLPPOPNOR
PQDLRLFYEK,10,OLNOPORRNP
APLRQLLLAL,10,OOOPLOOOOO
AQMMAQILKD,10,OLOOOLOOPN
DSEIRQIECD,10,NLNOPLONLN
PENLINALNK,10,ONLOOLOOLP
FRETADVIAK,10,RPNLONOOOP
TLCFIEYREN,10,LOLRONRPNL
FNEGLWEIQN,10,RLNOORNOLL
LMVSIDQLLD,10,OOOLONLOON
TNVLYERLET,10,LLOORNPONL
MDFAISKLKK,10,ONROOLPOPP
FRAIIRDLNS,10,RPOOOPNOLL
DEIYMIMTEC,10,NNOROOOLNL
KDMYKKMLAV,10,PNORPPOOOO
ESVKRIREES,10,NLOPPOPNNL
ANINEIRQMS,10,OLOLNOPLOL
PAGLTQMLNQ,10,OOOOLLOOLL
SEQVAEFVIS,10,LNLOONROOL
NKQELNRVIK,10,LPLNOLPOOP
FPLLEELGRK,10,ROOONNOOPP
KREAILKVLE,10,PPNOOOPOON
LEEAARLQRA,10,ONNOOPOLPO
WVDADLYCQN,10,RONONORLLL
GERKQIEAQQ,10,ONPPLONOLL
EKDRGNGFFK,10,NPNPOLORRP
PDMLYQYLKQ,10,ONOORLROPL
HKQVQRELGN,10,PPLOLPNOOL
SIIKHYLKES,10,LOOPPROPNL
KELIKDLLNA,10,PNOOPNOOLO
KSTALQTWLF,10,PLLOOLLROR
FKERVMEIVD,10,RPNPOONOON
LDPIKEWLNS,10,ONOOPNROLL
WTKIMKTIVD,10,RLPOOPLOON
LDELEKAITT,10,ONNONPOOLL
AAVELTRRHI,10,OOONOLPPPO
GWKKKKEQME,10,ORPPPPNLON
REKLAEAKEK,10,PNPOONOPNP
KKTIQKKMID,10,PPLOLPPOON
MAFYTVAHLL,10,OORRLOOPOO
PHLCEHIWTL,10,OPOLNPORLO
ANGIYEAIYH,10,OLOORNOORP
PSYKENVMKL,10,OLRPNLOOPO
IQAALELIFA,10,OLOOONOORO
PREIAENITK,10,OPNOONLOLP
MNDIVKEFED,10,OLNOOPNRNN
EEMLQKAARE,10,NNOOLPOOPN
EKEWKLGRCI,10,NPNRPOOPLO
DAVTGYYLNR,10,NOOLORROLP
GDFMSRFCSN,10,ONROLPRLLL
IPHLESLGKN,10,OOPONLOOPL
MQEIYEFHNN,10,OLNORNRPLL
IHQIYDWHRD,10,OPLORNRPPN
TRFRAVFQKY,10,LPRPOORLPR
KDRCVRLALV,10,PNPLOPOOOO
ESVKKMREES,10,NLOPPOPNNL
CKIKEIREST,10,LPOPNOPNLL
AKINEIRQMS,10,OPOLNOPLOL
PLQAMRRIRD,10,OOLOOPPOPN
SVLRGFLDLM,10,LOOPORONOO
PKARDLVEKL,10,OPOPNOONPO
KSCIVRHFYY,10,PLLOOPPRRR
YPQFMFHLRR,10,ROLRORPOPP
EAEVQTWLQQ,10,NONOLLROLL
EDKLIQSVMG,10,NNPOOLLOOO
IRCAGIHRNL,10,OPLOOOPPLO
LGAARSLLRQ,10,OOOOPLOOPL
LKAVVGEKIL,10,OPOOOONPOO
EENLAKLIQH,10,NNLOOPOOLP
VIKDVMEDAV,10,OOPNOONNOO
PTRFLDDLKA,10,OLPRONNOPO
PQDLRMFYEK,10,OLNOPORRNP
PYLANLLLGL,10,OROOLOOOOO
LCDLISQNPD,10,OLNOOLLLON
FKATGKPHTL,10,RPOLOPOPLO
HENYDEALRL,10,PNLRNNOOPO
GRKLERARDL,10,OPPONPOPNO
VEEKKSLEIL,10,ONNPPLONOO
TEKLCTFSQR,10,LNPOLLRLLP
KLDAENAIVH,10,PONONLOOOP
FEGMVVAALL,10,RNOOOOOOOO
LEPLLQRIHE,10,ONOOOLPOPN
PKALMAILEH,10,OPOOOOOONP
SQNLERILAV,10,LLLONPOOOO
TEEAIEEMER,10,LNNOONNONP
TDESIKGLCE,10,LNNLOPOOLN
IEYSQVLAKE,10,ONRLLOOOPN
VCRETKSFFT,10,OLPNLPLRRL
YIEDVARCVD,10,RONNOOPLON
AERFNEIVKN,10,ONPRLNOOPL
GFDAIMQAAV,10,ORNOOOLOOO
IGQLIDKLVQ,10,OOLOONPOOL
PLMLSGIIRR,10,OOOOLOOOPP
KKQLSWLINR,10,PPLOLROOLP
DASLRLIIRH,10,NOLOPOOOPP
QHRLYQQIKA,10,LPPORLLOPO
PEAKDLINKM,10,ONOPNOOLPO
PQQIKDMVEC,10,OLLOPNOONL
EDKLTKIIDC,10,NNPOLPOONL
VLHVMNGAVM,10,OOPOOLOOOO
EIGKLLSSYL,10,NOOPOOLLRO
TAAQKLCRLL,10,LOOLPOLPOO
VLEGIRICRQ,10,OONOOPOLPL
YQQFRENVLR,10,RLLRPNLOOP
EDFLVQAKTY,10,NNROOLOPLR
LDVVRRIICS,10,ONOOPPOOLL
LELVDQLSHI,10,ONOONLOLPO
GLCRLSTYLE,10,OOLPOLLRON
KDLWERGQRE,10,PNORNPOLPN
IAEIGRICSS,10,OONOOPOLLL
WMDWAAHKLT,10,RONROOPPOL
VGDVIQRFER,10,OONOOLPRNP
ESFLLEAQNY,10,NLROONOLLR
MDILRSLIRK,10,ONOOPLOOPP
PKDLKKLLRT,10,OPNOPPOOPL
AWEIRDRLLS,10,ORNOPNPOOL
VFARERLAAK,10,OROPNPOOOP
AALYLQMNEK,10,OOOROLOLNP
PATQKLITNI,10,OOLLPOOLLO
KEMFKNTMAL,10,PNORPLLOOO
MPHAVLKLLE,10,OOPOOOPOON
LPMMSTLYRL,10,OOOOLLORPO
NYRTDMIQAL,10,LRPLNOOLOO
QNACDEAIYQ,10,LLOLNNOORL
LSQLTKLHSF,10,OLLOLPOPLR
IDDVAALDKK,10,ONNOOOONPP
GEGKELYLSW,10,ONOPNOROLR
MDNLYTRLES,10,ONLORLPONL
FQDFYQQCRE,10,RLNRRLLLPN
NGTLTDFLEK,10,LOLOLNRONP
WYAAIKTCLM,10,RROOOPLLOO
LADVTQQAGL,10,OONOLLLOOO
KHVAQLLLNT,10,PPOOLOOOLL
RMAVMKALNK,10,POOOOPOOLP
QRSVSNAATR,10,LPLOLLOOLP
REALLGALAG,10,PNOOOOOOOO
EQILKDMAAF,10,NLOOPNOOOR
DQWNKVIEQL,10,NLRLPOONLO
RQLAEEYLYR,10,PLOONNRORP
SKGAYLLMEL,10,LPOOROOONO
QPFFDAIFTQ,10,LORRNOORLL
RLVEKYGLLV,10,POONPROOOO
LEELRLEDYQ,10,ONNOPONNRL
RIIEVLCKEH,10,POONOOLPNP
IDEVKNVYFK,10,ONNOPLORRP
IQQLMMILNS,10,OLLOOOOOLL
FREERDVLVN,10,RPNNPNOOOL
FSHSFSALAK,10,RLPLRLOOOP
REALAFIIRS,10,PNOOOROOPL
VQELLQFVKA,10,OLNOOLROPO
ELYRALNMHY,10,NORPOOLOPR
YPLLLKELAK,10,ROOOOPNOOP
EKLEALEQLQ,10,NPONOONLOL
GNEFVAWLLE,10,OLNROOROON
IMQATDIMRK,10,OOLOLNOOPP
KEAEILEVLR,10,PNONOONOOP
VTRIGLIVHK,10,OLPOOOOOPP
FDKYIAYMES,10,RNPROORONL
PERYDLWKRG,10,ONPRNORPPO
KGDFELALKK,10,PONRNOOOPP
LHLEYRFYKQ,10,OPONRPRRPL
EDYLFQVILE,10,NNRORLOOON
VKAASVLKSF,10,OPOOLOOPLR
QKFEHMYAQS,10,LPRNPOROLL
LLDFWRLVWE,10,OONRRPOORN
AILKGWFERV,10,OOOPORRNPO
FEEALEMAAK,10,RNNOONOOOP
FGAVGALLEL,10,ROOOOOOONO
LFNEVVIMRD,10,ORLNOOOOPN
PVQAMKRLRD,10,OOLOOPPOPN
PVLRDFLERM,10,OOOPNRONPO
IPLLQDVVDT,10,OOOOLNOONL
NVWKYFTDLF,10,LORPRRLNOR
VYDFWRMVWQ,10,ORNRRPOORL
KDLLEDKILY,10,PNOONNPOOR
ASMIQGIRNS,10,OLOOLOOPLL
LEELCDVSHQ,10,ONNOLNOLPL
RDLVDMVRSY,10,PNOONOOPLR
AQEALKRLRG,10,OLNOOPPOPO
KQDLLERLRK,10,PLNOONPOPP
PSLVDELKAS,10,OLOONNOPOL
SSELQEAVLT,10,LLNOLNOOOL
LLPLRQAVRL,10,OOOOPLOOPO
IDDMVAQAMK,10,ONNOOOLOOP
YGLLARLAVE,10,ROOOOPOOON
FIPAAVFSVL,10,ROOOOORLOO
KDLVEALERD,10,PNOONOONPN
VEAKKLLKEA,10,ONOPPOOPNO
MEDFEMALKK,10,ONNRNOOOPP
LKELRERVLR,10,OPNOPNPOOP
TDCENLLKKL,10,LNLNLOOPPO
RDEINDALIN,10,PNNOLNOOOL
YGVETHEAYK,10,ROONLPNORP
AILKGWMDRV,10,OOOPORONPO
SRVIHAIANS,10,LPOOPOOOLL
RSERKKWIHC,10,PLNPPPROPL
REIQTAVRLL,10,PNOLLOOPOO
LAKHAVSEGT,10,OOPPOOLNOL
GETHEQVHSI,10,ONLPNLOPLO
PRVVERWQKS,10,OPOONPRLPL
SGHFLRENIK,10,LOPROPNLOP
EDDLFEAILN,10,NNNORNOOOL
EDATGILKSF,10,NNOLOOOPLR
PPLSSPILEL,10,OOOLLOOONO
LSELEEKLKK,10,OLNONNPOPP
RAEVSRIESL,10,PONOLPONLO
VSDLLHQYRE,10,OLNOOPLRPN
TNEAILLCEG,10,LLNOOOOLNO
PPWLERVLEA,10,OORONPOONO
DEAIWAALET,10,NNOOROOONL
NPLVMHQLRC,10,LOOOOPLOPL
SRKGAEKLLS,10,LPPOONPOOL
QFLLMYTAGF,10,LROOORLOOR
NQLKYLTRLL,10,LLOPROLPOO
KSEQEEYEAE,10,PLNLNNRNON
LLENLRVRRA,10,OONLOPOPPO
HQQVVSRIRA,10,PLLOOLPOPO
HGDVVSAIRA,10,PONOOLOOPO
RETDEFFKKC,10,PNLNNRRPPL
IANVARIMKN,10,OOLOOPOOPL
GEDILFAMST,10,ONNOOROOLL
YPHYFPVMKK,10,ROPRROOOPP
QSDLDTLAKE,10,LLNONLOOPN
HDELQQSFQK,10,PNNOLLLRLP
PLAVNLLEKM,10,OOOOLOONPO
DSEVQSLLQR,10,NLNOLLOOLP
GQQVARILLQ,10,OLLOOPOOOL
KKLAEILVNT,10,PPOONOOOLL
DDDAEAICSM,10,NNNONOOLLO
TAQIVKVLNL,10,LOLOOPOOLO
VSFIRTIQMR,10,OLROPLOLOP
LEDLQLLADL,10,ONNOLOOONO
EWSELENLVL,10,NRLNONLOOO
AKYKNKYRSL,10,OPRPLPRPLO
TEMVEKRLQQ,10,LNOONPPOLL
LVHVMRTLAS,10,OOPOOPLOOL
APAKHLIASM,10,OOOPPOOOLO
CLQVMWLADR,10,LOLOOROONP
PTEAIEAWIN,10,OLNOONOROL
SEFSTYLNFC,10,LNRLLROLRL
LEDFEKAAGA,10,ONNRNPOOOO
HTEVVDILKD,10,PLNOONOOPN
HADIVKLIKD,10,PONOOPOOPN
AKSRVAFFEE,10,OPLPOORRNN
PEVAAFLQKL,10,ONOOOROLPO
KTMQTLLSLV,10,PLOLLOOLOO
LDDQVALLRA,10,ONNLOOOOPO
SRVSIRILDE,10,LPOLOPOONN
PGEWLVRKFF,10,OONROOPPRR
RDRRYEVARV,10,PNPPRNOOPO
GNTAAQLSKT,10,OLLOOLOLPL
PEFLVSTQKT,10,ONROOLLLPL
QGGALSLYTA,10,LOOOOLORLO
IPWIENIISD,10,OORONLOOLN
HPEVVELILK,10,PONOONOOOP
HMDVVELLLK,10,PONOONOOOP
DWKEAKSFLK,10,NRPNOPLROP
GVDGCIHRAA,10,OONOLOPPOO
GVDGCIHRAA,10,OONOLOPPOO
KMFNALIHRY,10,PORLOOOPPR
RQEFIDGILA,10,PLNRONOOOO
FNTYVAYMES,10,RLLROORONL
FADLEQRYWK,10,RONONLPRRP
AGELLRDERK,10,OONOOPNNPP
HVQGRVYNFL,10,POLOPORLRO
PHLKTQLEIN,10,OPOPLLONOL
LMPLLGVIFL,10,OOOOOOOORO
EEEIWKFMNV,10,NNNORPROLO
KMKVLEFLAK,10,POPOONROOP
WEESLLACTS,10,RNNLOOOLLL
EEEMKFLSII,10,NNNOPROLOO
LPSALVSHVL,10,OOLOOOLPOO
EEQVAWALTK,10,NNLOOROOLP
REDMLRLANK,10,PNNOOPOOLP
VPFLQDVVNT,10,OOROLNOOLL
KAALLNAIRK,10,POOOOLOOPP
RKETMTLILK,10,PPNLOLOOOP
TEAQSLLRAL,10,LNOLLOOPOO
SEEIEILLRY,10,LNNONOOOPR
PEEILTRIGS,10,ONNOOLPOOL
ETAKDLVSKM,10,NLOPNOOLPO
EEGWYMWLQS,10,NNORROROLL
NWLANVCKNL,10,LROOLOLPLO
WAAAREAAGR,10,ROOOPNOOOP
KRAWDLVSWI,10,PPORNOOLRO
DVTFIPLLMT,10,NOLROOOOOL
FAVIEAGLKC,10,ROOONOOOPL
VEELSKAYED,10,ONNOLPORNN
IHEQTYINGL,10,OPNLLROLOO
WQESKKACLR,10,RLNLPPOLOP
MAELEFITKQ,10,OONONROLPL
DSQREHLQQF,10,NLLPNPOLLR
PLHIAQKLFR,10,OOPOOLPORP
FFSLLLEILL,10,RRLOOONOOO
SPVVTYVCDL,10,LOOOLROLNO
REAVEAAVKE,10,PNOONOOOPN
ADQVTRALEN,10,ONLOLPOONL
MDTLQIHVME,10,ONLOLOPOON
NNEVIECITQ,10,LLNOONLOLL
QEVYELMLGC,10,LNORNOOOOL
PIIEKYLRRQ,10,OOONPROPPL
TEDKEALKKQ,10,LNNPNOOPPL
TNDLKELLIF,10,LLNOPNOOOR
KDEVKAMIEK,10,PNNOPOOONP
KPVQDLIKMI,10,POOLNOOPOO
VESMKKAMVE,10,ONLOPPOOON
EASIQAGIYA,10,NOLOLOOORO
FREERDVLVN,10,RPNNPNOOOL
TPDFLMNLLA,10,LONROOLOOO
LNKMTEAQED,10,OLPOLNOLNN
GAERKIRDEE,10,OONPPOPNNN
RKEYEELKKL,10,PPNRNNOPPO
LRVQELIKLI,10,OPOLNOOPOO
VQAMEEMMME,10,OLOONNOOON
CLEMHVRGLL,10,LONOPOPOOO
NRAATFPLQV,10,LPOOLROOLO
PRTSQRILEV,10,OPLLLPOONO
RRLQRRLTEE,10,PPOLPPOLNN
DPLYEVMLKC,10,NOORNOOOPL
VTDYKRLLDS,10,OLNRPPOONL
YQANIWALKE,10,RLOLOROOPN
TVPEVVLAKE,10,LOONOOOOPN
PEYAVNSIKT,10,ONROOLLOPL
GNFRIIGTLQ,10,OLRPOOOLOL
FRDQVILLEE,10,RPNLOOOONN
PMEKLLCDMF,10,OONPOOLNOR
AGTLLQKLRA,10,OOLOOLPOPO
AALYLQMNEK,10,OOOROLOLNP
EEEVFDSIVN,10,NNNORNLOOL
TEAISIMRRL,10,LNOOLOOPPO
IEDALDKIKS,10,ONNOONPOPL
TQTLTRFAEA,10,LLLOLPRONO
GKGILAIMRA,10,OPOOOOOOPO
TTEVRERRRS,10,LLNOPNPPPL
SGLLLDALLA,10,LOOOONOOOO
WEKSQEKCLS,10,RNPLLNPLOL
TADLDFIQQA,10,LONONROLLO
FEDAKEALNS,10,RNNOPNOOLL
ETEAWDFLRR,10,NLNORNROPP
LKTIAQRIQN,10,OPLOOLPOLL
EEELLQMLEE,10,NNNOOLOONN
LENAIEWSVK,10,ONLOONRLOP
DDVKGIQALY,10,NNOPOOLOOR
PEVEKLMLQM,10,ONONPOOOLO
VDEFIDELLH,10,ONNRONNOOP
HDQVVMFIKA,10,PNLOOOROPO
CAQFWQVVWD,10,LOLRRLOORN
FDELIGLWVS,10,RNNOOOOROL
PELVIPPVLE,10,ONOOOOOOON
IVQTWPAIVS,10,OOLLROOOOL
PKFVEQLITF,10,OPRONLOOLR
VPLVLQVLKQ,10,OOOOOLOOPL
LSDLIGYYSH,10,OLNOOORRLP
KQEAYNLLMT,10,PLNORLOOOL
IGDIIDHYRK,10,OONOONPRPP
MRTRVVSGFV,10,OPLPOOLORO
KTSFLFRYAD,10,PLLRORPRON
KTSIIKRYVH,10,PLLOOPPROP
QVQLEQLRSM,10,LOLONLOPLO
LEMAVTMFLD,10,ONOOOLORON
EEGQRYIQFY,10,NNOLPROLRR
LLALVKHVQS,10,OOOOOPPOLL
IYDFWRMVWH,10,ORNRRPOORP
RQPKVVERLL,10,PLOPOONPOO
FEEVYNIILE,10,RNNORLOOON
PLLIQYVNNE,10,OOOOLROLLN
SSELSSLAHR,10,LLNOLLOOPP
EEFVEKMLED,10,NNRONPOONN
YGKLFDFVNA,10,ROPORNROLO
RLEAQLLLER,10,PONOLOOONP
PTQLAEMIFN,10,OLLOONOORL
WEEYLEKFLT,10,RNNRONPROL
WFTHVKNWWK,10,RRLPOPLRRP
DEILDRIIHH,10,NNOONPOOPP
PMKVLFLIPK,10,OOPOOROOOP
KPLKEFVEAC,10,POOPNRONOL
PCVDNTLTRI,10,OLONLLOLPO
MEEITAAAVK,10,ONNOLOOOOP
EEALDEFDRL,10,NNOONNRNPO
FESVSNVTSF,10,RNLOLLOLLR
QARALASQLQ,10,LOPOOOLLOL
IRFKSYLLSM,10,OPRPLROOLO
LTEVYCLVNR,10,OLNORLOOLP
VASALETVSE,10,OOLOONLOLN
KAQVAKESVL,10,POLOOPNLOO
QLRVHLSFGL,10,LOPOPOLROO
YKTIAPLVAS,10,RPLOOOOOOL
GEGAYRWAVD,10,ONOORPROON
FSCIRRWLTE,10,RLLOPPROLN
FEKIKAAYLS,10,RNPOPOOROL
ESLSSWIPEN,10,NLOLLROONL
SSVIYHLMTQ,10,LLOORPOOLL
PIRDLLIWAI,10,OOPNOOOROO
PAARARAFFT,10,OOOPOPORRL
RDQVLLAARE,10,PNLOOOOOPN
RARAQKALAS,10,POPOLPOOOL
VSSFAASLFL,10,OLLROOLORO
YWEKDIIKML,10,RRNPNOOPOO
KSSIQKVVFH,10,PLLOLPOORP
FPDLMKWASE,10,RONOOPROLN
YAMKAEVLAR,10,ROOPONOOOP
AQLLAFLRVF,10,OLOOOROPOR
IEEDKSVLKN,10,ONNNPLOOPL
VLVAEVIKFY,10,OOOONOOPRR
TWFINKFRIV,10,LRROLPRPOO
EYMSMELLQE,10,NROLONOOLN
PDEAYAIAKK,10,ONNOROOOPP
KEQALQLAQK,10,PNLOOLOOLP
VDLTGLIAEE,10,ONOLOOOONN
NTALNRIATD,10,LLOOLPOOLN
MRTLDLIDEA,10,OPLONOONNO
PERRAAIYDK,10,ONPPOOORNP
CYIKSEEAKR,10,LROPLNNOPP
LQQINAVCDE,10,OLLOLOOLNN
SFEAVRNIHK,10,LRNOOPLOPP
VEDLWKAWKS,10,ONNORPORPL
KPDQGRAVST,10,PONLOPOOLL
PLQVNKWKKL,10,OOLOLPRPPO
VNVMNMLLFT,10,OLOOLOOORL
FAPILNFLRT,10,ROOOOLROPL
ETESMLLNET,10,NLNLOOOLNL
LFEDSFQQIM,10,ORNNLRLLOO
VSDAILRYAM,10,OLNOOOPROO
QQLVERLQEE,10,LLOONPOLNN
AKEYFRDLYH,10,OPNRRPNORP
SKELRCMMYG,10,LPNOPLOORO
GLLQQACDIT,10,OOOLLOLNOL
QSLKDRYLKH,10,LLOPNPROPP
LSTVTQAFLK,10,OLLOLLOROP
LEATSAFLAS,10,ONOLLOROOL
YDTLAQMLTL,10,RNLOOLOOLO
LVLGAMMERM,10,OOOOOOONPO
GLEESFRKFA,10,OONNLRPPRO
GKNWAKLCKD,10,OPLROPOLPN
KEEAFDAICQ,10,PNNORNOOLL
VGALQELVVQ,10,OOOOLNOOOL
RNAVIVALSS,10,PLOOOOOOLL
VETATELLLS,10,ONLOLNOOOL
VLLCQLLNNL,10,OOOLLOOLLO
GKVIETLSRL,10,OPOONLOLPO
AKNCRSLMHH,10,OPLLPLOOPP
ELYTVVQHVK,10,NORLOOLPOP
LIGTALNCVL,10,OOOLOOLLOO
PINVTTVREY,10,OOLOLLOPNR
FAEQLWCKMS,10,RONLORLPOL
LLSKLIHQSY,10,OOLPOOPLLR
VGDILSAARL,10,OONOOLOOPO
ESLHDLMCQC,10,NLOPNOOLLL
KEDMTYAVRK,10,PNNOLROOPP
ETVLDKIVQE,10,NLOONPOOLN
EELVDRIIHH,10,NNOONPOOPP
PQELFRKIKA,10,OLNORPPOPO
ENTVCLIRKL,10,NLLOLOOPPO
GRILDWHVAN,10,OPOONRPOOL
VLLCQLLNNL,10,OOOLLOOLLO
YHLLLQELVK,10,RPOOOLNOOP
EAALEKKLSE,10,NOOONPPOLN
SHSAFTFGIE,10,LPLORLROON
TQWFFDSIEK,10,LLRRRNLONP
AKWLLECFSK,10,OPROONLRLP
IAWLLETART,10,OOROONLOPL
QSELNGIAAS,10,LLNOLOOOOL
EHWLLDCAQE,10,NPROONLOLN
KPMKEILERI,10,POOPNOONPO
RREVYSILQA,10,PPNORLOOLO
IILLQFLHMA,10,OOOOLROPOO
SRWFKQWKKY,10,LPRRPLRPPR
RMFKTQVGRF,10,PORPLLOOPR
RQYLNHHKKY,10,PLROLPPPPR
PDSVAAHRSK,10,ONLOOOPPLP
KSRLRIHQKC,10,PLPOPOPLPL
RSNLIKHQKI,10,PLLOOPPLPO
TSSFKESALR,10,LLLRPNLOOP
KKWIQKVIDQ,10,PPROLPOONL
PEQIQKWIRT,10,ONLOLPROPL
RGSLAVHQRS,10,POLOOOPLPL
NEALYDICFR,10,LNOORNOLRP
DKVVQLLLKK,10,NPOOLOOOPP
PLLSIIQTFS,10,OOOLOOLLRL
FIPLVLAFRY,10,ROOOOOORPR
AEINNIIKIV,10,ONOLLOOPOO
LPEFEEWKSS,10,OONRNNRPLL
EDDAAISLAF,10,NNNOOOLOOR
EEKLAEAERV,10,NNPOONONPO
CEVYHLMKNC,10,LNORPOOPLL
CYLNSVVQVL,10,LROLLOOLOO
MDACRKAVYY,10,ONOLPPOORR
RDQALKALRA,10,PNLOOPOOPO
PSMLKKHIRT,10,OLOOPPPOPL
IGHLNQHKRV,10,OOPOLLPPPO
KSNLMVHQRT,10,PLLOOOPLPL
KSQLIVHQGI,10,PLLOOOPLOO
SQLIIHQRTH,10,LLOOOPLPLP
SELLRQLRQA,10,LNOOPLOPLO
ILSELKALCA,10,OOLNOPOOLO
TSEVLKYTLF,10,LLNOOPRLOR
FVRYVQGLKK,10,ROPROLOOPP
LKQIRLIEKQ,10,OPLOPOONPL
KGDILQRVRE,10,PONOOLPOPN
TGLALRYLSD,10,LOOOOPROLN
LRPLQEAARA,10,OPOOLNOOPO
QSLEEACWRA,10,LLONNOLRPO
LAFNAVLHRH,10,OORLOOOPPP
QEFTELLKVM,10,LNRLNOOPOO
ACEVYILLTS,10,OLNOROOOLL
LEEKLARRQA,10,ONNPOOPPLO
QEWKRFIEER,10,LNRPPRONNP
REEAVLFLLD,10,PNNOOOROON
WGVLNDFCEK,10,ROOOLNRLNP
ESEISQEADD,10,NLNOLLNONN
GLERKLCMAA,10,OONPPOLOOO
NDEICEAFRK,10,LNNOLNORPP
AMDVFVCTYF,10,OONOROLLRR
PELKQEHESK,10,ONOPLNPNLP
SFSIWRHQVE,10,LRLORPPLON
RVCTVLARET,10,POLLOOOPNL
RAFLHALLHS,10,POROPOOOPL
RTLELLLICA,10,PLONOOOOLO
SMECFAQLYS,10,LONLROLORL
EERCLSCILA,10,NNPLOLLOOO
LKDQQTFARS,10,OPNLLLROPL
LQRLVEALEE,10,OLPOONOONN
QTHIFVLAHI,10,LLPOROOOPO
MHELVTHVTM,10,OPNOOLPOLO
SRLIHSARQN,10,LPOOPLOPLL
STDIALITMM,10,LLNOOOOLOO
SVSHAIIRTI,10,LOLPOOOPLO
GYSGAFKCLK,10,ORLOORPLOP
YEYVTAIRNL,10,RNROLOOPLO
LRRVQDLVRQ,10,OPPOLNOOPL
PEAKAFIRRC,10,ONOPOROPPL
LKMEVAVLKK,10,OPONOOOOPP
KEQVGSIKER,10,PNLOOLOPNP
FSIFLDHISS,10,RLORONPOLL
SDEVTAGLRI,10,LNNOLOOOPO
AMSALYHIAQ,10,OOLOORPOOL
DSFRRFVDYC,10,NLRPPRONRL
VDWIKDTIAA,10,ONROPNLOOO
RLDKFKQLLA,10,PONPRPLOOO
QDTYRQIHID,10,LNLRPLOPON
YLQFAFRWMN,10,ROLRORPROL
AIMARIAQFL,10,OOOOPOOLRO
IPLIVWVKRK,10,OOOOOROPPP
EAKIDEIKND,10,NOPONNOPLN
QKVIELFSVC,10,LPOONORLOL
LNKFIEELKK,10,OLPRONNOPP
PVLVALALIE,10,OOOOOOOOON
CLEAVILGIY,10,LONOOOOOOR
CDQTFQAYQS,10,LNLLRLORLL
KVFQEALRNI,10,PORLNOOPLO
RAEVSQPRLA,10,PONOLLOPOO
LKQFLDYFKT,10,OPLRONRRPL
LDDVLEKAKK,10,ONNOONPOPP
FEKIMQLSER,10,RNPOOLOLNP
GRPTINLLQE,10,OPOLOLOOLN
KTAFQEALDA,10,PLORLNOONO
EEAVTKFLSS,10,NNOOLPROLL
PKARCLIRSL,10,OPOPLOOPLO
IFLSFQHLLR,10,OROLRLPOOP
IPVVRKMLEE,10,OOOOPPOONN
YEVVHMLLMK,10,RNOOPOOOOP
VEESFKTLFW,10,ONNLRPLORR
IESWVRLQDE,10,ONLROPOLNN
EHTQLSWILS,10,NPLLOLROOL
PEEIVQKFRK,10,ONNOOLPRPP
WEKDLEEALE,10,RNPNONNOON
VSEILQANQL,10,OLNOOLOLLO
SSVFAAMCSA,10,LLOROOOLLO
TTVISLLLEA,10,LLOOLOOONO
VWMINHLQEA,10,OROOLPOLNO
RSRLNRHSMV,10,PLPOLPPLOO
NSQCYSHQRS,10,LLLLRLPLPL
APCLLKHERL,10,OOLOOPPNPO
PVAASLIQKM,10,OOOOLOOLPO
DYEDRYYREN,10,NRNNPRRPNL
KDDFWKMVWE,10,PNNRRPOORN
KSCLLLRFAD,10,PLLOOOPRON
NTTAKEFADS,10,LLLOPNRONL
KSSLLLRFTD,10,PLLOOOPRLN
RNEGLKFARK,10,PLNOOPROPP
YHRGQEMARS,10,RPPOLNOOPL
LLTYLRKARM,10,OOLROPPOPO
DDLWNLMTQC,10,NNORLOOLLL
LSKLQQGIKS,10,OLPOLLOOPL
PLLVEEALEM,10,OOOONNOONO
LKDIKEVLLL,10,OPNOPNOOOO
ISELTEKILC,10,OLNOLNPOOL
SDFINLLDGL,10,LNROLOONOO
RKQLAQIKEM,10,PPLOOLOPNO
GLLKYSNLLV,10,OOOPRLLOOO
TNGIYEAIYH,10,LLOORNOORP
IADFMPILGT,10,OONROOOOOL
TVEMLRVASS,10,LONOOPOOLL
ADTVKRLLAE,10,ONLOPPOOON
EAELITLMEK,10,NONOOLOONP
IPVHINNICQ,10,OOOPOLLOLL
AGMDELMEVS,10,OOONNOONOL
KKFQSFIESC,10,PPRLLRONLL
EDIVSRVAEE,10,NNOOLPOONN
QLGKLLKEQK,10,LOOPOOPNLP
RAEAAMEFLQ,10,PONOOONROL
ADMFTHGIQS,10,ONORLPOOLL
GMSLFLSKAV,10,OOLOROLPOO
ALQAFAIALS,10,OOLOROOOOL
DDEFEQLSNL,10,NNNRNLOLLO
LEILYQKYLL,10,ONOORLPROO
KDSAQNCTRA,10,PNLOLLLLPO
LETIVDFIKS,10,ONLOONROPL
CSTQTEIVET,10,LLLLLNOONL
AKFLNDVKTL,10,OPROLNOPLO
SKTLKKWNRL,10,LPLOPPRLPO
LPYTFSLMVT,10,OORLRLOOOL
VSLVLAPALA,10,OLOOOOOOOO
GPQSRALQEA,10,OOLLPOOLNO
HQQAISILQK,10,PLLOOLOOLP
QEAVAALLKC,10,LNOOOOOOPL
HTQAVNLLKN,10,PLLOOLOOPL
HEEAVAILKR,10,PNNOOOOOPP
AQLISHWKGN,10,OLOOLPRPOL
QFGVMIEKMT,10,LROOOONPOL
NEEVYNIILE,10,LNNORLOOON
KSAMTMQFIS,10,PLOOLOLROL
KEEGLALARE,10,PNNOOOOOPN
IYKLFENIGK,10,ORPORNLOOP
PPLSDLLKGM,10,OOOLNOOPOO
LKEVTSVVEQ,10,OPNOLLOONL
LTNDVHTLEA,10,OLLNOPLONO
LGSSTNALRQ,10,OOLLLLOOPL
VKDVTKLVAN,10,OPNOLPOOOL
EPFFALAKEL,10,NORROOOPNO
LSWMKEKIFS,10,OLROPNPORL
ARFFSCMQSD,10,OPRRLLOLLN
EDVIQVSKKF,10,NNOOLOLPPR
PQLYKQMCIC,10,OLORPLOLOL
QTEIQTVNKQ,10,LLNOLLOLPL
YCEALAMLRE,10,RLNOOOOOPN
PQLLTERALH,10,OLOOLNPOOP
LEKAAAFYKN,10,ONPOOORRPL
INAAVMDLKK,10,OLOOOONOPP
SQLVRDIQKA,10,LLOOPNOLPO
VTRLVRDSKC,10,OLPOOPNLPL
ENTAEFFLQH,10,NLLONRROLP
KTSLITRFMY,10,PLLOOLPROR
IEEGEQRAKE,10,ONNONLPOPN
KIRVALEKIK,10,POPOOONPOP
KQLYMNYQEA,10,PLOROLRLNO
KTCVLFRFSD,10,PLLOORPRLN
KGKGEQIARE,10,POPONLOOPN
TWGELLSKWH,10,LRONOOLPRP
DHLVEKYRIL,10,NPOONPRPOO
VPEAFLKVER,10,OONOROPONP
AAEMAAAFLN,10,OONOOOOROL
PNKQKNVSEE,10,OLPLPLOLNN
MIFFVLVIFL,10,OORROOOORO
EGMRVVVNAL,10,NOOPOOOLOO
YLYFVIFIIF,10,RORROOROOR
EQTWVTLRQR,10,NLLROLOPLP
GILGHAQNLA,10,OOOOPOLLOO
LIHAVRGYWL,10,OOPOOPORRO
WNDARAYCAW,10,RLNOPORLOR
PMRVLLKIAK,10,OOPOOOPOOP
VEFRDFLKIA,10,ONRPNROPOO
RKEATEMLQK,10,PPNOLNOOLP
PAHVLFDRFV,10,OOPOORNPRO
LALCAIIHRY,10,OOOLOOOPPR
AIRNQIIREL,10,OOPLLOOPNO
IFELLDYIVN,10,ORNOONROOL
PDFQEFVNKC,10,ONRLNROLPL
PGLARDLLEG,10,OOOOPNOONO
AIVKLAIYGM,10,OOOPOOOROO
RSCIATSLKN,10,PLLOOLLOPL
RAMLLRLFLA,10,POOOOPOROO
MPAFIQMGRD,10,OOOROLOOPN
FGAVGALLEL,10,ROOOOOOONO
NTLEEIIFKL,10,LLONNOORPO
LLLLHEALAK,10,OOOOPNOOOP
LDAFLVALKF,10,ONOROOOOPR
KSCLLLQFTD,10,PLLOOOLRLN
KTCLLVRFKD,10,PLLOOOPRPN
REDGEKLAKE,10,PNNONPOOPN
VKDLRDYLSL,10,OPNOPNROLO
KEELVLLVLG,10,PNNOOOOOOO
QIYKSFVEST,10,LORPLRONLL
REIIEAMLKA,10,PNOONOOOPO
KETASRLKSM,10,PNLOLPOPLO
TKQVAQASHS,10,LPLOOLOLPL
QGWLCELLRW,10,LOROLNOOPR
QEAIHTLSAQ,10,LNOOPLOLOL
LAQQVEDFHK,10,OOLLONNRPP
FIDCLEIFLN,10,RONLONOROL
AKEKISALQS,10,OPNPOLOOLL
SEDIEKSFKT,10,LNNONPLRPL
LYKKIIKKLL,10,ORPPOOPPOO
YLDFRNRLQA,10,RONRPLPOLO
VAWIWDVVRR,10,OORORNOOPP
FASGTAAALA,10,ROLOLOOOOO
VVQWMEHFET,10,OOLRONPRNL
RTVHSLACLL,10,PLOPLOOLOO
KTSVLYQYTD,10,PLLOORLRLN
KTCVVQRFKT,10,PLLOOLPRPL
LAEAQSLAEH,10,OONOLLOONP
KSALTIQFIQ,10,PLOOLOLROL
RSEASAFGAS,10,PLNOLOROOL
KTQMNSFLLS,10,PLLOLLROOL
LPQFVQDLHD,10,OOLROLNOPN
CTPSRAAFMT,10,LLOLPOOROL
SSALRQIAEG,10,LLOOPLOONO
MESRFELEKS,10,ONLPRNONPL
ATEIQDVCSA,10,OLNOLNOLLO
PMRVLFLIPK,10,OOPOOROOOP
KSFKEFIDAC,10,PLRPNRONOL
ITPAFAELKQ,10,OLOORONOPL
LDIMLKRKAE,10,ONOOOPPPON
TEDVEKATVD,10,LNNONPOLON
VADFWQMVWE,10,OONRRLOORN
FNEGLWEIDN,10,RLNOORNONL
TEMITTLKKI,10,LNOOLLOPPO
KSNLLSRFTR,10,PLLOOLPRLP
TDEARAFAEK,10,LNNOPORONP
KTCVLFRFSE,10,PLLOORPRLN
KERGEKLALD,10,PNPONPOOON
IPFLITLVVW,10,OOROOLOOOR
KTSLITRFMY,10,PLLOOLPROR
IEEGERKAKE,10,ONNONPPOPN
DVLLQIVHFL,10,NOOOLOOPRO
PSVVLNRVLR,10,OLOOOLPOOP
ADYWLRRFEA,10,ONRROPPRNO
ERAMRMADFW,10,NPOOPOONRR
LGAECLRMLD,10,OOONLOPOON
PGALIKDIRE,10,OOOOOPNOPN
MPKVHWLRTQ,10,OOPOPROPLL
MVTVREAALQ,10,OOLOPNOOOL
EDSRKVASVL,10,NNLPPOOLOO
PNFVRTFLTT,10,OLROPLROLL
KQDIKVAMCA,10,PLNOPOOOLO
DPYESYARDI,10,NORNLROPNO
FHDRFLSQLS,10,RPNPROLLOL
PNFVRTFLTT,10,OLROPLROLL
FRSSIRRLST,10,RPLLOPPOLL
PSLFQAEQTH,10,OLORLONLLP
KSSIVCRFVQ,10,PLLOOLPROL
IEELFQGISR,10,ONNORLOOLP
REIISLMKLC,10,PNOOLOOPOL
DKHLDPIREN,10,NPPONOOPNL
QSQIDEIDHD,10,LLLONNONPN
VGKLAQALHQ,10,OOPOOLOOPL
IDLLSSLIYV,10,ONOOLLOORO
KTNLLSRFTR,10,PLLOOLPRLP
TEEARMFAEN,10,LNNOPORONL
LCPALHALVA,10,OLOOOPOOOO
VERILEAELA,10,ONPOONONOO
GAIFDRVLTE,10,OOORNPOOLN
LWQFLKELLL,10,ORLROPNOOO
YDKLSRSIRQ,10,RNPOLPLOPL
SCHFFATKCT,10,LLPRROLPLL
VELLARDFEK,10,ONOOOPNRNP
YGMLARLAVE,10,ROOOOPOOON
EFALQTLLSS,10,NROOLLOOLL
EKHVQVAVAH,10,NPPOLOOOOP
KSDLSTLVRR,10,PLNOLLOOPP
LDDLLLFLAS,10,ONNOOOROOL
EQFQQLLRKL,10,NLRLLOOPPO
EIVRLVIDEM,10,NOOPOOONNO
IKWFTEFLQA,10,OPRRLNROLO
LQAAISENTK,10,OLOOOLNLLP
FQVLHDLRQK,10,RLOOPNOPLP
DHEIDRLELQ,10,NPNONPONOL
PETLEAIAEN,10,ONLONOOONL
VNHLIHLIYD,10,OLPOOPOORN
DDVTKLDLRL,10,NNOLPONOPO
EEDLKAIQDM,10,NNNOPOOLNO
KDAAINSLLQ,10,PNOOOLLOOL
TVANEVYKYN,10,LOOLNORPRL
VKQRYRLLGN,10,OPLPRPOOOL
LEEWQDKWVN,10,ONNRLNPROL
ELGIQEFFTE,10,NOOOLNRRLN
RKCYADTMFS,10,PPLRONLORL
KTFVLGLLHQ,10,PLROOOOOPL
TVLCELINAL,10,LOOLNOOLOO
APILYAVWAE,10,OOOOROORON
MDIYQKRCEA,10,ONORLPPLNO
RKLILDSARA,10,PPOOONLOPO
SADVEKLADE,10,LONONPOONN
RKQRKERKNR,10,PPLPPNPPLP
DSYLKYVGWT,10,NLROPROORL
EEDVLKFLAA,10,NNNOOPROOO
DYFLLRWLRA,10,NRROOPROPO
ASEIVQSLQT,10,OLNOOLLOLL
IEEIIRFWKH,10,ONNOOPRRPP
ILPTLVPWYF,10,OOOLOOORRR
LERLGRFLWS,10,ONPOOPRORL
FRELYKILES,10,RPNORPOONL
AVGKYRVRRK,10,OOOPRPOPPP
PEFVRKHIFN,10,ONROPPPORL
LAFNAIVHKH,10,OORLOOOPPP
QLATDFIQSL,10,LOOLNROLLO
KKDTVKKLKE,10,PPNLOPPOPN
SALRQLLNSM,10,LOOPLOOLLO
IPLLLSQLEA,10,OOOOOLLONO
QAQITTLLVD,10,LOLOLLOOON
PENLAKLLTR,10,ONLOOPOOLP
LPGLLKTIAA,10,OOOOOPLOOO
YMINFIHKLK,10,ROOLROPPOP
PDVVARFKQR,10,ONOOOPRPLP
LNEVKELLKT,10,OLNOPNOOPL
PHKEEEIRKY,10,OPPNNNOPPR
PKIVNALKSQ,10,OPOOLOOPLL
AWKVCLRLRD,10,ORPOLOPOPN
LRLLLEQILN,10,OPOOONLOOL
LKELRHLAVL,10,OPNOPPOOOO
LEKHADYIAS,10,ONPPONROOL
VNKVVEYVKG,10,OLPOONROPO
REKLRNFILA,10,PNPOPLROOO
VIDFWRMIWE,10,OONRRPOORN
LPELVNYHRA,10,OONOOLRPPO
NHEAFLRVDA,10,LPNOROPONO
PSVHKLMLTC,10,OLOPPOOOLL
FWEERDIMAF,10,RRNNPNOOOR
KEAKNLICAF,10,PNOPLOOLOR
AKCVDKWLKA,10,OPLONPROPO
FDTIQSHQYQ,10,RNLOLLPLRL
YGRRLQEAKA,10,ROPPOLNOPO
LEEFYEKFMS,10,ONNRRNPROL
EEILNKIIYH,10,NNOOLPOORP
SKRKAETWKR,10,LPPPONLRPP
EKAKDLILRF,10,NPOPNOOOPR
KERERAILST,10,PNPNPOOOLL
PALIRETQEK,10,OOOOPNLLNP
IKKVRLLIDE,10,OPPOPOOONN
KALWDEFNQL,10,POORNNRLLO
HRITQLKIAS,10,PPOLLOPOOL
DAAIVLSKYL,10,NOOOOOLPRO
QDLLKMNINM,10,LNOOPOLOLO
EPLLKTLKDI,10,NOOOPLOPNO
QACERMIRAL,10,LOLNPOOPOO
YSQLQQILRS,10,RLLOLLOOPL
PYVVASMRIM,10,OROOOLOPOO
RMASRLAKEE,10,POOLPOOPNN
FGKYLAHWLS,10,ROPROOPROL
DELVAEFLQD,10,NNOOONROLN
PFEEGLRRLQ,10,ORNNOOPPOL
KEMDDFLQKL,10,PNONNROLPO
RDQIDRFSKE,10,PNLONPRLPN
LEELAVICAN,10,ONNOOOOLOL
VTQLGSMLFT,10,OLLOOLOORL
YSDAIVWLKE,10,RLNOOOROPN
PPERKRLAKM,10,OONPPPOOPO
FTIWDKLLER,10,RLORNPOONP
SGFFLRFIRA,10,LORROPROPO
RTAQTILEKE,10,PLOLLOONPN
MEHLENLKKR,10,ONPONLOPPP
LAQLRALKEQ,10,OOLOPOOPNL
QKKYYNAMKK,10,LPPRRLOOPP
SNAINRLKDT,10,LLOOLPOPNL
IFEESYRQVM,10,ORNNLRPLOO
LPVIRQLATS,10,OOOOPLOOLL
RTVIDGLDLL,10,PLOONOONOO
YKILDSCKQL,10,RPOONLLPLO
FKEALNVINT,10,RPNOOLOOLL
SFEKAYCEYR,10,LRNPORLNRP
KYFAEALGPL,10,PRRONOOOOO
WDSFLEKFMV,10,RNLRONPROO
EETVDFVVQH,10,NNLONROOLP
EETMDFMVQH,10,NNLONROOLP
SKEIVHTFET,10,LPNOOPLRNL
QEMVSLLKKL,10,LNOOLOOPPO
KGDIAQARKL,10,PONOOLOPPO
PVPKKLLMMA,10,OOOPPOOOOO
DELFAVMACC,10,NNOROOOOLL
LGDIDKVFRT,10,OONONPORPL
MIFFVVIIFL,10,OORROOOORO
EGMRVVVNAL,10,NOOPOOOLOO
WMDIMYAAVD,10,RONOOROOON
YLYFVIFIIF,10,RORROOROOR
FGNSIICLFE,10,ROLLOOLORN
AVKTFNSELY,10,OOPLRLLNOR
PLDIEFMKRL,10,OONONROPPO
MQDLKDVTNN,10,OLNOPNOLLL
GDTANEIGQV,10,ONLOLNOOLO
LEELHQQVLK,10,ONNOPLLOOP
MDHTVVLQLA,10,ONPLOOOLOO
MEVSTQLARA,10,ONOLLLOOPO
IEETNKLRAK,10,ONNLLPOPOP
MQHVNRYWKN,10,OLPOLPRRPL
PTIQLFWKAF,10,OLOLORRPOR
PKKSLDFYTR,10,OPPLONRRLP
VYSACKRFEE,10,ORLOLPPRNN
LKELRERVLR,10,OPNOPNPOOP
TDCENLLKKF,10,LNLNLOOPPR
RADLTEYLST,10,PONOLNROLL
KTSLAHQFVE,10,PLLOOPLRON
HSELIHNLRK,10,PLNOOPLOPP
PHMHAYALEL,10,OPOPOROONO
ILTACFARMV,10,OOLOLROPOO
RLFNAIIHRH,10,PORLOOOPPP
KVLAKLACGL,10,POOOPOOLOO
KLGASVIEIL,10,POOOLOONOO
EKNGSWLYAM,10,NPLOLROROO
RNDFWKMVLQ,10,PLNRRPOOOL
AAAVRDISEA,10,OOOOPNOLNO
NALRDEMRAL,10,LOOPNNOPOO
YGGYVSSLAL,10,ROOROLLOOO
QGLLSEILRK,10,LOOOLNOOPP
EEAIQTLSAQ,10,NNOOLLOLOL
QVIEDDRNNR,10,LOONNNPLLP
ENLIDALLKT,10,NLOONOOOPL
DVRERIIKRA,10,NOPNPOOPPO
ADDLLAAADK,10,ONNOOOOONP
AAEILILADL,10,OONOOOOONO
EVTGKKLLER,10,NOLOPPOONP
HQLILSKLLR,10,PLOOOLPOOP
IRCAGIHRNL,10,OPLOOOPPLO
LQFRLLENKI,10,OLRPOONLPO
LLELVEAWLE,10,OONOONORON
RPTKVAMGRL,10,POLPOOOOPO
AWEIRDRLLA,10,ORNOPNPOOO
YREVQRIRHE,10,RPNOLPOPPN
QDVAEEVRAV,10,LNOONNOPOO
KTCLVRRFTQ,10,PLLOOPPRLL
DEGIAYLVKV,10,NNOOOROOPO
LRKAITFLQS,10,OPPOOLROLL
AKTFWMELED,10,OPLRRONONN
DSTLDEIKQG,10,NLLONNOPLO
YELYQRCLDS,10,RNORLPLONL
GFMWDVAEEL,10,ORORNOONNO
GSGLQWLTGA,10,OLOOLROLOO
PDVTKAFLEE,10,ONOLPORONN
YRDFWLMVWE,10,RPNRROOORN
GVAAMLACAQ,10,OOOOOOOLOL
PLRRVLAELN,10,OOPPOOONOL
TADLDSMLRN,10,LONONLOOPL
RPGLSYHYAH,10,POOOLRPROP
CKCVDPWLTK,10,LPLONOROLP
KSALTIQFIQ,10,PLOOLOLROL
QEEGQQLARQ,10,LNNOLLOOPL
DSYLKYVGWT,10,NLROPROORL
SDKAHKVLKQ,10,LNPOPPOOPL
DSQIADILST,10,NLLOONOOLL
LLDDAKARLR,10,OONNOPOPOP
VLASSEELFL,10,OOOLLNNORO
LPFQSAKYLM,10,OORLLOPROO
KAWLLSMIQS,10,POROOLOOLL
LEWSQKCLQD,10,ONRLLPLOLN
RRLIEKYIAE,10,PPOONPROON
QNACDEAIYQ,10,LLOLNNOORL
VEDVEALDRK,10,ONNONOONPP
YNMQIDLVEA,10,RLOLONOONO
SEIVKQITSI,10,LNOOPLOLLO
DYFLLRWLRA,10,NRROOPROPO
KSTMVNTLFK,10,PLLOOLLORP
LQDLKDITHN,10,OLNOPNOLPL
EENRKWMREN,10,NNLPPROPNL
EEDIRAILSC,10,NNNOPOOOLL
ELDIVSERKS,10,NONOOLNPPL
QGAGLLAACF,10,LOOOOOOOLR
ETAAYKIMRT,10,NLOORPOOPL
TSPIANIQSD,10,LLOOOLOLLN
GVYFLYEALH,10,OORRORNOOP
HDQAVEAFKT,10,PNLOONORPL
FSDVMEDLYN,10,RLNOONNORL
YFGFKTLERS,10,RRORPLONPL
PEACLSNKRH,10,ONOLOLLPPP
PHLLKDLTER,10,OPOOPNOLNP
AEELRKLMML,10,ONNOPPOOOO
PKTGQMLYRF,10,OPLOLOORPR
MLLNQLREIT,10,OOOLLOPNOL
PSFLHEALKA,10,OLROPNOOPO
KESYDYLKTL,10,PNLRNROPLO
LLCEQRLKDL,10,OOLNLPOPNO
HILTLHNLEK,10,POOLOPLONP
LSVRLAQLLS,10,OLOPOOLOOL
ERYRLWVDSC,10,NPRPORONLL
KPFFTLAKEL,10,PORRLOOPNO
RKIFTFAEKY,10,PPORLRONPR
PALKKLASAA,10,OOOPPOOLOO
NEAIYDICRR,10,LNOORNOLPP
SEAAFAKLDQ,10,LNOOROPONL
REPAEEALKS,10,PNOONNOOPL
GPQVQQIILV,10,OOLOLLOOOO
LLQQLCTILM,10,OOLLOLLOOO
NVPFLTGQIA,10,LOOROLOLOO
PGVFTELIKG,10,OOORLNOOPO
ETLSEFKEFS,10,NLOLNRPNRL
LIPLVEKAKE,10,OOOOONPOPN
SSSLNKHLRI,10,LLLOLPPOPO
LTDARKLIEK,10,OLNOPPOONP
GSCLNETWAV,10,OLLOLNLROO
FLEKASKLRG,10,RONPOLPOPO
LPFLALIYWF,10,OOROOOORRR
GPLQISLGRT,10,OOOLOLOOPL
VEESFKTLFW,10,ONNLRPLORR
IGGVLLKIVE,10,OOOOOOPOON
SLELIKLDIS,10,LONOOPONOL
AEELFASIAT,10,ONNOROLOOL
EELISQAQVV,10,NNOOLLOLOO
RSVIIRELQR,10,PLOOOPNOLP
LLDSLEQYVK,10,OONLONLROP
SEVEHLTKVT,10,LNONPOLPOL
RAFKTQVGRF,10,PORPLLOOPR
RNALLSDISK,10,PLOOOLNOLP
TEERKVWANK,10,LNNPPOROLP
LHDTVTTLIL,10,OPNLOLLOOO
NKRAEQLARD,10,LPPONLOOPN
AQELFLRLRD,10,OLNOROPOPN
DEELNRLRAQ,10,NNNOLPOPOL
KWYYYYQSAN,10,PRRRRRLLOL
PKRRKEWVRL,10,OPPPPNROPO
YPHYFPLLKK,10,ROPRROOOPP
SKVGMDYRSC,10,LPOOONRPLL
WSAFLEAADN,10,RLORONOONL
EGKVAAFKEE,10,NOPOOORPNN
VKWIKNTIAA,10,OPROPLLOOO
PEHCIEYVRM,10,ONPLONROPO
LQEVLDYLTN,10,OLNOONROLL
EAALRQLTEM,10,NOOOPLOLNO
ENRATKALQL,10,NLPOLPOOLO
VPQAMEWLIE,10,OOLOONROON
SCLLDVLRMY,10,LLOONOOPOR
RSIILRHLLN,10,PLOOOPPOOL
PAAQITKQKW,10,OOOLOLPLPR
EDDIHRSIKY,10,NNNOPPLOPR
LKELLDLKAQ,10,OPNOONOPOL
SQSIMERALF,10,LLLOONPOOR
WEDWVTAAYM,10,RNNROLOORO
LRNLEISQQK,10,OPLONOLLLP
EAITAIMKYI,10,NOOLOOOPRO
FPVYAAAERL,10,ROOROOONPO
EKCLIEILAS,10,NPLOONOOOL
EAQFIYILGN,10,NOLROROOOL
DNTLIRIMVS,10,NLLOOPOOOL
DLARLILGLM,10,NOOPOOOOOO
EKALIEILAT,10,NPOOONOOOL
GHFRRILISL,10,OPRPPOOOLO
EKTLTRIMVS,10,NPLOLPOOOL
GDFLKALLAL,10,ONROPOOOOO
TEVAKYLLQN,10,LNOOPROOLL
TNMVKLLLEN,10,LLOOPOOONL
VPVADVLIKH,10,OOOONOOOPP
ISVTDVLKVV,10,OLOLNOOPOO
VEDINRIRVE,10,ONNOLPOPON
MENLYTALQS,10,ONLORLOOLL
LPALLEFYKI,10,OOOOONRRPO
YLPDTLLLEE,10,ROONLOOONN
ERVRVIYKYA,10,NPOPOORPRO
ETILGDIDRA,10,NLOOONONPO
FGTASDKERV,10,ROLOLNPNPO
DAQAIHNWLS,10,NOLOOPLROL
LCFEIVKRAD,10,OLRNOOPPON
KERLFEGIIK,10,PNPORNOOOP
ESAKDLVRRM,10,NLOPNOOPPO
VEQLQKMLRE,10,ONLOLPOOPN
LMQLVEHYTS,10,OOLOONPRLL
PAVYEVMKNC,10,OOORNOOPLL
KGDIAQARKL,10,PONOOLOPPO
PGECAVRLVK,10,OONLOOPOOP
PYHIRAIAEE,10,ORPOPOOONN
SVELQMLTNS,10,LONOLOOLLL
FGTILNYLRD,10,ROLOOLROPN
QGLVEECQAA,10,LOOONNLLOO
TMGQVGRQLA,10,LOOLOOPLOO
KQVQVCVRML,10,PLOLOLOPOO
PQLMAAFIKQ,10,OLOOOOROPL
PAKLTPYLRQ,10,OOPOLOROPL
PAKVKEFESL,10,OOPOPNRNLO
FKNLKRVAKE,10,RPLOPPOOPN
PEGLFWLLVT,10,ONOORROOOL
VSAHTSHLVG,10,OLOPLLPOOO
LLALKTLIAQ,10,OOOOPLOOOL
QCADFVSFYG,10,LLONROLRRO
QEVLQTLTKF,10,LNOOLLOLPR
GAMRQFLQNA,10,OOOPLROLLO
FCQGTKAALA,10,RLLOLPOOOO
TADHLTCLLS,10,LONPOLLOOL
TVDAMLDLIR,10,LONOOONOOP
GLVTMVIVLS,10,OOOLOOOOOL
TAQTRALFEK,10,LOLLPOORNP
YISLITMAIQ,10,ROLOOLOOOL
AYFTGFIVCL,10,ORRLOROOLO
RDERRKWIQC,10,PNNPPPROLL
QDLLAEKVLA,10,LNOOONPOOO
GKELLGYIRA,10,OPNOOOROPO
DAKLFEQILK,10,NOPORNLOOP
DSAKDFIRHL,10,NLOPNROPPO
RKETMTMILK,10,PPNLOLOOOP
PEAQSLLRML,10,ONOLLOOPOO
TEEIEILLRY,10,LNNONOOOPR
PEEILARIGS,10,ONNOOOPOOL
DTAKDLVSKM,10,NLOPNOOLPO
FGPILNFLRH,10,ROOOOLROPP
LKCLQRHLTK,10,OPLOLPPOLP
KEDVISTLQY,10,PNNOOLLOLR
FRYILDYLRD,10,RPROONROPN
KGRLKREAEY,10,POPOPPNONR
LERAFDMLSE,10,ONPORNOOLN
NWKIFRECWK,10,LRPORPNLRP
DEEVLKTIDE,10,NNNOOPLONN
KWERLTVADA,10,PRNPOLOONO
ENHNAVFSAA,10,NLPLOORLOO
QGARIVASTL,10,LOOPOOOLLO
AEVAHFMNAL,10,ONOOPROLOO
FEMDKLIAQK,10,RNONPOOOLP
YAQKLFNDLF,10,ROLPORLNOR
MPRILLANRN,10,OOPOOOOLPL
TAQIVKDIQA,10,LOLOOPNOLO
VGTREQLARK,10,OOLPNLOOPP
MASFVRQLNM,10,OOLROPLOLO
EAEQRRAYLE,10,NONLPPORON
CAPSRVSFLT,10,LOOLPOLROL
VPMIIHLLDK,10,OOOOOPOONP
AETIGNLIEE,10,ONLOOLOONN
IDPLRQAIRL,10,ONOOPLOOPO
CSILASLHAL,10,LLOOOLOPOO
ECHLCTESLK,10,NLPOLLNLOP
PEKGVQYLIE,10,ONPOOLROON
PVGVAHFLLQ,10,OOOOOPROOL
QTILRRHMAK,10,LLOOPPPOOP
PVDIVSTLQA,10,OONOOLLOLO
QDLIDEWIAK,10,LNOONNROOP
FNKYLAYMES,10,RLPROORONL
WGVLNDFCEK,10,ROOOLNRLNP
MEDLMQVYDQ,10,ONNOOLORNL
KTTILYKLKL,10,PLLOORPOPO
DKIRPLWRHY,10,NPOPOORPPR
MTEVISSLEN,10,OLNOOLLONL
TWRKLHEAVR,10,LRPPOPNOOP
NLLVSELYNQ,10,LOOOLNORLL
PALLRDMLLA,10,OOOOPNOOOO
PHELSLLKER,10,OPNOLOOPNP
PGRLIDHLEN,10,OOPOONPONL
KKVQKLQRAA,10,PPOLPOLPOO
RHLSLALFQS,10,PPOLOOORLL
HRAAERALQL,10,PPOONPOOLO
QEWFWGSIQM,10,LNRRROLOLO
FFRDEAERIM,10,RRPNNONPOO
SAGIRQAFRE,10,LOOOPLORPN
VATMKATLQL,10,OOLOPOLOLO
DDVLRLVKQT,10,NNOOPOOPLL
YPDLIAELLR,10,RONOOONOOP
LASLQRLLWV,10,OOLOLPOORO
SEILNSFEHE,10,LNOOLLRNPN
VMERQRLIES,10,OONPLPOONL
TFPNHYTIVT,10,LROLPRLOOL
IKETIRKMIK,10,OPNLOPPOOP
FNHFLNMTEK,10,RLPROLOLNP
VVALIRKAIQ,10,OOOOOPPOOL
DTVGTMMTCG,10,NLOOLOOLLO
VVTLLKEAIH,10,OOLOOPNOOP
DTVGTMMTCG,10,NLOOLOOLLO
LLQVRAILQH,10,OOLOPOOOLP
PSILAELQLR,10,OLOOONOLOP
AEDVYEAVRT,10,ONNORNOOPL
LEVVQQAVKE,10,ONOOLLOOPN
LIPQLVANVT,10,OOOLOOOLOL
LFAITIEAMK,10,OROOLONOOP
KEEMIVATSQ,10,PNNOOOOLLL
LKAVIDQCNH,10,OPOOONLLLP
KNLIKEIKAI,10,PLOOPNOPOO
ITRELLWWWG,10,OLPNOORRRO
EYQHEARTLL,10,NRLPNOPLOO
ITDFGEFMRE,10,OLNRONROPN
PLVILKTLSS,10,OOOOOPLOLL
DDLIKVVEEL,10,NNOOPOONNO
LQALITALGT,10,OLOOOLOOOL
TRFVLPVGAT,10,LPROOOOOOL
RTVEAFLKEA,10,PLONOROPNO
THTLALAAKH,10,LPLOOOOOPP
KPTYDEIFYT,10,POLRNNORRL
GANAKKEMVK,10,OOLOPPNOOP
RAKMEDTLKR,10,POPONNLOPP
QQELADLFVN,10,LLNOONOROL
YDLSCHARAT,10,RNOLLPOPOL
IGRRYARTDE,10,OOPPROPLNN
PELVALVKHL,10,ONOOOOOPPO
ERMLRFLDDF,10,NPOOPRONNR
EERGHCYLLS,10,NNPOPLROOL
HHELRQAIGL,10,PPNOPLOOOO
VHAAAIKSLG,10,OPOOOOPLOO
PARYEDLLKS,10,OOPRNNOOPL
LVESFHLTQE,10,OONLRPOLLN
GFDAILQAAL,10,ORNOOOLOOO
VGQVAQALSA,10,OOLOOLOOLO
EALIQAAFAA,10,NOOOLOOROO
HQQAIALLQQ,10,PLLOOOOOLL
LAEAVEILKA,10,OONOONOOPO
HQNASAIIKT,10,PLLOLOOOPL
QETVATILKC,10,LNLOOLOOPL
TTEQRRSLQA,10,LLNLPPLOLO
LWEFVRDLLL,10,ORNROPNOOO
AALYQLMLDC,10,OOORLOOONL
GGSLLGAARH,10,OOLOOOOOPP
VEELFKLLKE,10,ONNORPOOPN
NELYMMMRDC,10,LNOROOOPNL
TEEARKELQA,10,LNNOPPNOLO
REWIFQAIKT,10,PNRORLOOPL
KDEVRILGRE,10,PNNOPOOOPN
DTVATMISCY,10,NLOOLOOLLR
EEIYIIMQSC,10,NNOROOOLLL
KKELKELLEK,10,PPNOPNOONP
SSVSTLVAEA,10,LLOLLOOONO
PSVTSIIAES,10,OLOLLOOONL
ASSRHQRIQD,10,OLLPPLPOLN
LEEMIQHLKA,10,ONNOOLPOPO
VKQGEEFGRR,10,OPLONNROPP
ADTMTNRLLQ,10,ONLOLLPOOL
AHAIRLLLEY,10,OPOOPOOONR
PKVQKLLQDF,10,OPOLPOOLNR
KAEDEVQRER,10,PONNNOLPNP
CAVHALNNVL,10,LOOPOOLLOO
QEAADEICKR,10,LNOONNOLPP
EKDFCKEYEK,10,NPNRLPNRNP
CMLCHENLIR,10,LOOLPNLOOP
WETISAFCDR,10,RNLOLORLNP
TEELAQAYDA,10,LNNOOLORNO
LTKLWQETVQ,10,OLPORLNLOL
LSQIQEIVDC,10,OLLOLNOONL
EEILSKLADV,10,NNOOLPOONO
PMKTYNIILR,10,OOPLRLOOOP
KNAANLIKKL,10,PLOOLOOPPO
EEDALEILQK,10,NNNOONOOLP
YIQSKIVYYL,10,ROLLPOORRO
KKTLLHLQLL,10,PPLOOPOLOO
LWDYVYQLLS,10,ORNRORLOOL
AGGESVSVLV,10,OOONLOLOOO
SAVMVHCLRQ,10,LOOOOPLOPL
QKTAMSLLWK,10,LPLOOLOORP
VRGIIQKIVD,10,OPOOOLPOON
PTLYSLMTKC,10,OLORLOOLPL
PKMIELIMNE,10,OPOONOOOLN
EFAKATIKEI,10,NROPOLOPNO
EEEIEQIVQQ,10,NNNONLOOLL
PHLCDFIETH,10,OPOLNRONLP
GLAEYLFDKH,10,OOONRORNPP
LNKLVDYYRT,10,OLPOONRRPL
VNQIQETISD,10,OLLOLNLOLN
LQELVDHYKK,10,OLNOONPRPP
EELYNIMMRC,10,NNORLOOOPL
PSDLESIFKD,10,OLNONLORPN
IKKVQQLLQE,10,OPPOLLOOLN
RNETMNMILK,10,PLNLOLOOOP
AEAQSLLRML,10,ONOLLOOPOO
REEAEDYLVQ,10,PNNONNROOL
REMYDLMNLC,10,PNORNOOLOL
DKIEARKMER,10,NPONOPPONP
VERLKEMIKA,10,ONPOPNOOPO
SSVEKAGLIS,10,LLONPOOOOL
TDLLEEEITK,10,LNOONNNOLP
YLFIEFLKRC,10,RORONROPPL
SGKKMAKALC,10,LOPPOOPOOL
TNQMAVCAKA,10,LLLOOOLOPO
ADQMVSALLD,10,ONLOOLOOON
DNTLFKWMIF,10,NLLORPROOR
ECALLKARCK,10,NLOOOPOPLP
IPCQQSKEAL,10,OOLLLLPNOO
LSEIHKMEEV,10,OLNOPPONNO
ERVTDLMRMC,10,NPOLNOOPOL
QELTARTHHM,10,LNOLOPLPPO
SSALREICLL,10,LLOOPNOLOO
ATGRDLLQNL,10,OLOPNOOLLO
YQQGQNQLYN,10,RLLOLLLORL
HEELTRDLEK,10,PNNOLPNONP
WEESKQYCTD,10,RNNLPLRLLN
LVGVTAACTV,10,OOOOLOOLLO
WEAERVMEWL,10,RNONPOONRO
VFALKEYAIR,10,OROOPNROOP
CNPVAYIIEQ,10,LLOOOROONL
LRFARLRMEK,10,OPROPOPONP
NGFNQAIELS,10,LORLLOONOL
LTNLLQNQAV,10,OLLOOLLLOO
LQTVQRLLKA,10,OLLOLPOOPO
FAALLTAVLT,10,ROOOOLOOOL
PHLCDFLETH,10,OPOLNRONLP
KEDCEQWWED,10,PNNLNLRRNN
RFQTARFYRD,10,PRLLOPRRPN
SQAVSNARKL,10,LLOOLLOPPO
LQKSLNYWCN,10,OLPLOLRRLL
LPDLEDLMKR,10,OONONNOOPP
ADQCANRCTR,10,ONLLOLPLLP
LEPVEKALRD,10,ONOONPOOPN
PKVQRLLQDY,10,OPOLPOOLNR
DEQLESLFQR,10,NNLONLORLP
LDQCIQTGVD,10,ONLLOLLOON
QAEFEKAAEE,10,LONRNPOONN
VPFGAAHILM,10,OOROOOPOOO
PDFRIAFQEL,10,ONRPOORLNO
ATITRILLSH,10,OLOLPOOOLP
WKDRLLKMKM,10,RPNPOOPOPO
VEYFLRLAHE,10,ONRROPOOPN
EKYFALRNII,10,NPRROOPLOO
VDWIMKTMQE,10,ONROOPLOLN
SCAWKELNRK,10,LLORPNOLPP
TTESERLQAE,10,LLNLNPOLON
YAQLIVQAIT,10,ROLOOOLOOL
VSEGRACAVV,10,OLNOPOLOOO
LWKRNDLKKK,10,ORPPLNOPPP
LETMRQLRST,10,ONLOPLOPLL
YKETLQLVDS,10,RPNLOLOONL
KDVVQEATKV,10,PNOOLNOLPO
CAQHCLNNLL,10,LOLPLOLLOO
LEEAQRIWKQ,10,ONNOLPORPL
VFEFDIFTRL,10,ORNRNORLPO
LFQALIDGSR,10,ORLOOONOLP
FEEVKRALEI,10,RNNOPPOONO
FGYFVKHLRN,10,RORROPPOPL
EDFIKSELKK,10,NNROPLNOPP
LPLYLWATKA,10,OOOROROLPO
ELEAIMYALG,10,NONOOOROOO
ESQLVFLDKF,10,NLLOORONPR
VTLAGMLEMG,10,OLOOOOONOO
PFAERLLMQF,10,ORONPOOOLR
VVSLCYETIC,10,OOLOLRNLOL
SQDMHTYAAC,10,LLNOPLROOL
TSMKRVAELV,10,LLOPPOONOO
PEHQRDFIAR,10,ONPLPNROOP
PMFYHLGHFS,10,OORRPOOPRL
ESLIKYKKTL,10,NLOOPRPPLO
LIEKLAEIYV,10,OONPOONORO
YKEALQMLRD,10,RPNOOLOOPN
LMSLKRMMEK,10,OOLOPPOONP
KSALVHRYLT,10,PLOOOPPROL
DSRARKLSTD,10,NLPOPPOLLN
GFSTGYGAAI,10,ORLLOROOOO
KTTILYRLQV,10,PLLOORPOLO
TSIRPYWRCY,10,LLOPORRPLR
KTTFVNVIAS,10,PLLROLOOOL
IDITLQWLIQ,10,ONOLOLROOL
EKVLTEIIAS,10,NPOOLNOOOL
EEKFITIFGT,10,NNPROLOROL
IPAYLAETLY,10,OOOROONLOR
LFNIRKEFRK,10,ORLOPPNRPP
RQVFLATWKD,10,PLOROOLRPN
ADTVSSKLQN,10,ONLOLLPOLL
VGDLRDFVRS,10,OONOPNROPL
KWVQNYMKHL,10,PROLLROPPO
CWLLAAIASL,10,LROOOOOOLO
IQAVKIFLES,10,OLOOPORONL
CRDLGNCMRT,10,LPNOOLLOPL
KQIFEDHVFC,10,PLORNNPORL
LQHAEIFLKN,10,OLPONOROPL
LEDIAEQIFN,10,ONNOONLORL
QKTFSICKER,10,LPLRLOLPNP
ESGAQLLLEM,10,NLOOLOOONO
AAALDLFDYM,10,OOOONORNRO
YDFKVKLSSE,10,RNRPOPOLLN
WTKSQKNCSV,10,RLPLLPLLLO
IDGIQQFCDD,10,ONOOLLRLNN
KQEFMDGMTE,10,PLNRONOOLN
LDLWNKFLLE,10,ONORLPROON
VLIDDFVEFA,10,OOONNRONRO
AGLISPLVQL,10,OOOOLOOOLO
IVEKLMDLLD,10,OONPOONOON
VINKAKMLSA,10,OOLPOPOOLO
KDVIKTIVQS,10,PNOOPLOOLL
WASINGFCEQ,10,ROLOLORLNL
AGAASVGMHL,10,OOOOLOOOPO
DTELVACLRT,10,NLNOOOLOPL
WRMLHEALVS,10,RPOOPNOOOL
VYAEVKRVGD,10,ORONOPPOON
DHLEAYFEQL,10,NPONORRNLO
DVTLYQAFNG,10,NOLORLORLO
VDYVMNYWKD,10,ONROOLRRPN
WHTSQENCLK,10,RPLLLNLLOP
VEDVETIISE,10,ONNONLOOLN
FEDAKLFCED,10,RNNOPORLNN
REEQQWIKKQ,10,PNNLLROPPL
RTGQAVAVRA,10,PLOLOOOOPO
KAIVKTLAAT,10,POOOPLOOOL
EVELMKVARA,10,NONOOPOOPO
GPAWQLMQQF,10,OOORLOOLLR
LPERAELAAS,10,OONPONOOOL
TSPCHFTLVT,10,LLOLPRLOOL
IDVYMIMVKC,10,ONOROOOOPL
KEELRAKLSE,10,PNNOPOPOLN
SYKRQLRIYL,10,LRPPLOPORO
TSQILNQIME,10,LLLOOLLOON
EDSLIEIICS,10,NNLOONOOLL
VPKWISIMTE,10,OOPROLOOLN
KAAALAHLDR,10,POOOOOPONP
KTLQDIVYKL,10,PLOLNOORPO
QEELDAMIRE,10,LNNONOOOPN
EKALMKAVAT,10,NPOOOPOOOL
VQAVKVFLES,10,OLOOPORONL
PVVLTYQAER,10,OOOOLRLONP
TFLSDLRSNL,10,LROLNOPLLO
WQDSEKDCAR,10,RLNLNPNLOP
PITAHLLHRH,10,OOLOPOOPPP
ESLLEQLALE,10,NLOONLOOON
PRRLELVQLL,10,OPPONOOLOO
FFQGTKAALA,10,RRLOLPOOOO
TPDYINSLLA,10,LONROLLOOO
VREELEVLVQ,10,OPNNONOOOL
TPDYLTSLLA,10,LONROLLOOO
TVPILDVLSS,10,LOOOONOOLL
LPVIIKFILH,10,OOOOOPROOP
FPTISLEFRN,10,ROLOLONRPL
KGQAVTLMMD,10,POLOOLOOON
TERINKLMNE,10,LNPOLPOOLN
YSILIFMALK,10,RLOOOROOOP
VGRIHRHLKS,10,OOPOPPPOPL
AQSVLDAREL,10,OLLOONOPNO
VPTAIYCFLR,10,OOLOORLROP
KVYNAVANLW,10,PORLOOOLOR
EEAISTLRKG,10,NNOOLLOPPO
KQFIKYYNYF,10,PLROPRRLRR
IDILNEQFRL,10,ONOOLNLRPO
LEEKYVAVMK,10,ONNPROOOOP
DTHWELWKKT,10,NLPRNORPPL
DELVNYVNKR,10,NNOOLROLPP
PAEAWNFWTR,10,OONORLRRLP
IGRAVAQLMA,10,OOPOOOLOOO
LEGAKAAAGD,10,ONOOPOOOON
EHDVQNTFEE,10,NPNOLLLRNN
MDSLTFVKAM,10,ONLOLROPOO
LHAANVLCRE,10,OPOOLOOLPN
YADAQLSCQG,10,RONOLOLLLO
EFHKKFMEKY,10,NRPPPRONPR
QNCKNCFLEC,10,LLLPLLRONL
EDSITVGMVR,10,NNLOLOOOOP
PDQLRQHALA,10,ONLOPLPOOO
KAMSAKFERL,10,POOLOPRNPO
FLTLRDTVLL,10,ROLOPNLOOO
LQQLVQHYSE,10,OLLOOLPRLN
NREVLEQVER,10,LPNOONLONP
QDFRERLIHS,10,LNRPNPOOPL
DGVFQRLRDW,10,NOORLPOPNR
YATLIRWAIL,10,ROLOOPROOO
NACGLYYKLH,10,LOLOORRPOP
VYAEVKRVGD,10,ORONOPPOON
RDHQALAKAV,10,PNPLOOOPOO
KTTVRKLQSY,10,PLLOPPOLLR
LNDLVKNEKM,10,OLNOOPLNPO
GEEEENQRKK,10,ONNNNLLPPP
APIYFKKAIM,10,OOORRPPOOO
PDLLKSIIRV,10,ONOOPLOOPO
EPQIRKILLD,10,NOLOPPOOON
KEDLDVASRF,10,PNNONOOLPR
LTELVLRRIS,10,OLNOOOPPOL
ASSVKDRCRL,10,OLLOPNPLPO
PAGLQVLNDY,10,OOOOLOOLNR
QADVAVFEAV,10,LONOOORNOO
MAKLEECVRS,10,OOPONNLOPL
QSLVNELAFT,10,LLOOLNOORL
GEEAALALAE,10,ONNOOOOOON
PACLAALQAH,10,OOLOOOOLOP
PAFRFLVDSS,10,OORPROONLL
DTERIGVDLI,10,NLNPOOONOO
SALHQLMLDC,10,LOOPLOOONL
TALHQLMLDC,10,LOOPLOOONL
SLWRGLAERR,10,LORPOOONPP
ESLRRVQELT,10,NLOPPOLNOL
QGALQRLFKK,10,LOOOLPORPP
DPEYLAAFRI,10,NONROOORPO
REEVDRRVLE,10,PNNONPPOON
EEAKSICKML,10,NNOPLOLPOO
SIPWQNEMIE,10,LOORLLNOON
IMSLKRMLEK,10,OOLOPPOONP
EKEKLNERLA,10,NPNPOLNPOO
GSLIVEKIMQ,10,OLOOONPOOL
RHEMLQVLRL,10,PPNOOLOOPO
GDEFKAVLET,10,ONNRPOOONL
ENGLDLLSKM,10,NLOONOOLPO
ECNVGQIKTV,10,NLLOOLOPLO
QEQINWIYSS,10,LNLOLRORLL
IKCMFEKLER,10,OPLORNPONP
VSETIRVFFE,10,OLNLOPORRN
NDLKCIIRLI,10,LNOPLOOPOO
FSRLRRYFVA,10,RLPOPPRROO
PEWIWACIRK,10,ONROROLOPP
HSKAVEALKE,10,PLPOONOOPN
ERAMKLEQEF,10,NPOOPONLNR
TFPNLYTLAT,10,LROLORLOOL
YPHTHLVHQA,10,ROPLPOOPLO
WIVQKIFQAA,10,ROOLPORLOO
YKEALQMLRD,10,RPNOOLOOPN
MEIYSTTLWH,10,ONORLLLORP
YGGQFERMRN,10,ROOLRNPOPL
SYAWKELKEQ,10,LRORPNOPNL
VQIMEDIILT,10,OLOONNOOOL
LSVQKFMNSH,10,OLOLPROLLP
LHTVYTKLKR,10,OPLORLPOPP
LIPILAVMES,10,OOOOOOOONL
IELRILTHLS,10,ONOPOOLPOL
FFQGTKAALA,10,RRLOLPOOOO
TPDFLNSLLS,10,LONROLLOOL
AEEVARLWGL,10,ONNOOPOROO
CEEFVKIMGN,10,LNNROPOOOL
FPQILTLIGR,10,ROLOOLOOOP
YPLAWQFLRK,10,ROOORLROPP
AEQLDALVKK,10,ONLONOOOPP
CDILLQMHQN,10,LNOOOLOPLL
PQQVFQNILK,10,OLLORLLOOP
DNAQSAVEIL,10,NLOLLOONOO
PNTWQTLLHE,10,OLLRLLOOPN
VEELLRGCIE,10,ONNOOPOLON
PQLVRMFLMM,10,OLOOPOROOO
FQDYHSFVTH,10,RLNRPLROLP
REEMVSYFLR,10,PNNOOLRROP
GAERKIRDEE,10,OONPPOPNNN
KPAIRRLARR,10,POOOPPOOPP
NELIAHCQAR,10,LNOOOPLLOP
PVVLALAEKY,10,OOOOOOONPR
PVLCALAKKH,10,OOOLOOOPPP
AWRVMMSLKS,10,ORPOOOLOPL
IKVIEDIYEK,10,OPOONNORNP
LARLELELKK,10,OOPONONOPP
SNTLHQVASY,10,LLLOPLOOLR
CETAGYFFLY,10,LNLOORRROR
GLDRSKYLLV,10,OONPLPROOO
LDKAILHSID,10,ONPOOOPLON
VDEVRELQKA,10,ONNOPNOLPO
DLSVWDYAHQ,10,NOLORNROPL
QGFFVATIYC,10,LORROOLORL
TCPRFILGLL,10,LLOPROOOOO
SDGADLLTKL,10,LNOONOOLPO
LHQAQNLFKL,10,OPLOLLORPO
EASSKKLMDL,10,NOLLPPOONO
KQFLSQFEMQ,10,PLROLLRNOL
YARLRKIADE,10,ROPOPPOONN
GGRAEKVLEA,10,OOPONPOONO
HIQSRTVYYL,10,POLLPLORRO
TKQRIDEFEA,10,LPLPONNRNO
NQDVIKAVEE,10,LLNOOPOONN
AALYQLMLDC,10,OOORLOOONL
KEPFLEATDN,10,PNORONOLNL
ECVAGPVGLL,10,NLOOOOOOOO
YAQEKQDFVQ,10,ROLNPLNROL
YLPIAAAMYM,10,ROOOOOOORO
PEQYQILKEN,10,ONLRLOOPNL
IYPTIWWLFR,10,OROLORRORP
HLLQMLCLVA,10,POOLOOLOOO
TEADELMKRV,10,LNONNOOPPO
EDLADRLVRV,10,NNOONPOOPO
LCLKFAMLCT,10,OLOPROOOLL
VREFVEKSFL,10,OPNRONPLRO
HRQKHFEKRR,10,PPLPPRNPPP
RDEVEAVKNL,10,PNNONOOPLO
AEELNVFHER,10,ONNOLORPNP
MASFVRQLNM,10,OOLROPLOLO
ESGGRALEQE,10,NLOOPOONLN
PRATIREGML,10,OPOLOPNOOO
GEAIKYLTEA,10,ONOOPROLNO
ESITNEFRQR,10,NLOLLNRPLP
PNLLNQLLDL,10,OLOOLLOONO
VYESAKVLNV,10,ORNLOPOOLO
AEDTLRECRT,10,ONNLOPNLPL
LLPALDCLEG,10,OOOOONLONO
DTVGTMMSCG,10,NLOOLOOLLO
HHDALAILRQ,10,PPNOOOOOPL
RFEAWNIIKA,10,PRNORLOOPO
IKEIFDKAIS,10,OPNORNPOOL
PSILIAMNLA,10,OLOOOOOLOO
LLVVLEEAQR,10,OOOOONNOLP
LVGTLKAAKR,10,OOOLOPOOPP
QAVDDFIEKL,10,LOONNRONPO
KWTAISALEY,10,PRLOOLOONR
VSGQAAMDIV,10,OLOLOOONOO
ATDLAYYLVR,10,OLNOORROOP
FGYFVRHLRN,10,RORROPPOPL
LQEWLKGMTS,10,OLNROPOOLL
FPVFHQFLEQ,10,ROORPLRONL
TEEVAAWLEH,10,LNNOOORONP
PKELEDFKLQ,10,OPNONNRPOL
VETIDRFNNY,10,ONLONPRLLR
LDKVLTDIKA,10,ONPOOLNOPO
KDIIKFLQEH,10,PNOOPROLNP
VDNFNEVLEE,10,ONLRLNOONN
VTLWKRKCLR,10,OLORPPPLOP
WKIFYFLRSL,10,RPORRROPLO
EQINKIQQDS,10,NLOLPOLLNL
EMIKKIQNDA,10,NOOPPOLLNO
EQISRIQQES,10,NLOLPOLLNL
ETIKQLQERA,10,NLOPLOLNPO
EMIKKIQNDA,10,NOOPPOLLNO
ETIKSISQQS,10,NLOPLOLLLL
CSDLVSLQQS,10,LLNOOLOLLL
EELLWEYVHS,10,NNOORNROPL
QNYKRCLEIL,10,LLRPPLONOO
CTALALRTTI,10,LLOOOOPLLO
IFEFDVFTRL,10,ORNRNORLPO
LSQVLLEGQK,10,OLLOOONOLP
PDLALRMAVR,10,ONOOOPOOOP
QETALSAMRN,10,LNLOOLOOPL
SILILKEQIQ,10,LOOOOPNLOL
PQVCLKRLYQ,10,OLOLOPPORL
SVVVAAMQAR,10,LOOOOOOLOP
RGNKVKNAQL,10,POLPOPLOLO
PKLLNKLHEY,10,OPOOLPOPNR
EAEQLRAYLD,10,NONLOPORON
QDIYNVMVQC,10,LNORLOOOLL
FVALRDFLLE,10,ROOOPNROON
PRIKAIAAKH,10,OPOPOOOOPP
LGFCALIHRH,10,OORLOOOPPP
LHTLFGDKLC,10,OPLORONPOL
EPERNECFLQ,10,NONPLNLROL
VDVMCTAFHD,10,ONOOLLORPN
YPLLLKEILK,10,ROOOOPNOOP
PEALDFLDKL,10,ONOONRONPO
TYGRYIRSAL,10,LROPROPLOO
TAFSSIAHIT,10,LORLLOOPOL
VESAVNAERG,10,ONLOOLONPO
YSETQELLRT,10,RLNLLNOOPL
YDVEQWCKLN,10,RNONLRLPOL
LDRGMLAYLY,10,ONPOOOOROR
PQGLLGEARM,10,OLOOOONOPO
IQDVVQAADL,10,OLNOOLOONO
EKDYEILFKS,10,NPNRNOORPL
NTTLTEILKG,10,LLLOLNOOPO
PETLKRWRDS,10,ONLOPPRPNL
HEKLFELILM,10,PNPORNOOOO
PEAKSLLSGL,10,ONOPLOOLOO
LECSGRHRGL,10,ONLLOPPPOO
DRVKDLATVY,10,NPOPNOOLOR
WVDIALECER,10,RONOOONLNP
ELSQRLARLR,10,NOLLPOOPOP
VDAAVQQWLQ,10,ONOOOLLROL
NKDLVEWLKL,10,LPNOONROPO
PDWTDIVKQS,10,ONRLNOOPLL
VFHKFSAFIK,10,ORPPRLOROP
SMFIVAFQLF,10,LOROOORLOR
FENVKEIFGQ,10,RNLOPNOROL
MELVRKIYST,10,ONOOPPORLL
KAEFQDALEK,10,PONRLNOONP
KAEFQDALEK,10,PONRLNOONP
LRKTMLLLDI,10,OPPLOOOONO
DRQINQLAQR,10,NPLOLLOOLP
QTDIYRCKAN,10,LLNORPLPOL
FQSLHNGLRA,10,RLLOPLOOPO
LLNFLRRKAE,10,OOLROPPPON
KNIYSIMQAC,10,PLORLOOLOL
RQNLIQALKK,10,PLLOOLOOPP
YISLITMAIQ,10,ROLOOLOOOL
AEAMCAYLNA,10,ONOOLOROLO
YVKAASHLLS,10,ROPOOLPOOL
VYEAVELLKS,10,ORNOONOOPL
YAVAAKCYLG,10,ROOOOPLROO
KKYQTWIKSN,10,PPRLLROPLL
FRLVSFLEAK,10,RPOOLRONOP
GMATMILTLL,10,OOOLOOOLOO
EDIVLSRIQE,10,NNOOOLPOLN
SIIQMCGVML,10,LOOLOLOOOO
QDWVQKTIAE,10,LNROLPLOON
ALANTLMALQ,10,OOOLLOOOOL
VAEQRRAYLE,10,OONLPPORON
MIGLLTFIRA,10,OOOOOLROPO
IFAKFSAYIK,10,OROPRLOROP
WSKSEQNCVE,10,RLPLNLLLON
WALSLKNCSA,10,ROOLOPLLLO
QEEQEFLSYK,10,LNNLNROLRP
RQEIFQEQLA,10,PLNORLNLOO
ELPVDIILAS,10,NOOONOOOOL
LSKIDKYFKQ,10,OLPONPRRPL
KALNLAYSSI,10,POOLOORLLO
PWTLMTYMVE,10,ORLOOLROON
LAEVIENLEC,10,OONOONLONL
EQSVDQAVNM,10,NLLONLOOLO
ESITNELSLF,10,NLOLLNOLOR
LIPALAKVLL,10,OOOOOOPOOO
RALGALVDSC,10,POOOOOONLL
AVQKKLRSSL,10,OOLPPOPLLO
LCESLLTWIQ,10,OLNLOOLROL
VVMAQVLQKI,10,OOOOLOOLPO
LTGVFLVKHW,10,OLOOROOPPR
IQRAHRVVAE,10,OLPOPPOOON
VQDEFMHLLL,10,OLNNROPOOO
WTSSQRFCDS,10,RLLLLPRLNL
DTHRALQLLH,10,NLPPOOLOOP
TFPNHYSIVT,10,LROLPRLOOL
SAIYQLMMQC,10,LOORLOOOLL
VADLITTCYG,10,OONOOLLLRO
LEDLLFYTIA,10,ONNOORRLOO
VHKFITALKS,10,OPPROLOOPL
NAGAIVVTSL,10,LOOOOOOLLO
NATFQSERES,10,LOLRLLNPNL
VINLLFAAYT,10,OOLOOROORL
PKDIQLARRI,10,OPNOLOOPPO
LDDLIDSCIQ,10,ONNOONLLOL
KDLVHLLTLS,10,PNOOPOOLOL
FEERSYWQSQ,10,RNNPLRRLLL
YCQQKSLECL,10,RLLLPLONLO
MREANVACLD,10,OPNOLOOLON
KADRFLFEMS,10,PONPRORNOL
PDRLRDIADR,10,ONPOPNOONP
RKVALEMLFT,10,PPOOONOORL
NDDLILSCCL,10,LNNOOOLLLO
TEDLVAKLKE,10,LNNOOOPOPN
HALHQLMLDC,10,POOPLOOONL
HSLETLYQSA,10,PLONLORLLO
DSSLKTFAQN,10,NLLOPLROLL
DSTCYSLSRF,10,NLLLRLOLPR
NSSLKGISEG,10,LLLOPOOLNO
KDGIEALVRG,10,PNOONOOOPO
DEALKHIQNY,10,NNOOPPOLLR
DEGVVQICRG,10,NNOOOLOLPO
DASLTALGLN,10,NOLOLOOOOL
DAGFTLLARN,10,NOORLOOOPL
DSTLIQLSIH,10,NLLOOLOLOP
RAGIKRMRAQ,10,POOOPPOPOL
ESMTDAILQT,10,NLOLNOOOLL
FEQMRQECLQ,10,RNLOPLNLOL
WLLAAIASLT,10,ROOOOOOLOL
GHTRAQLLQG,10,OPLPOLOOLO
RDTINRWSAG,10,PNLOLPRLOO
NTYIYYNEKY,10,LLRORRLNPR
TKELGTVMRS,10,LPNOOLOOPL
AAELRHVMTN,10,OONOPPOOLL
REQILAFSQK,10,PNLOOORLLP
ITAIREIKIL,10,OLOOPNOPOO
SAALDLLDHM,10,LOOONOONPO
RTEAADLCKA,10,PLNOONOLPO
ISQLFDFIDD,10,OLLORNRONN
KALGALVDSC,10,POOOOOONLL
DSMRKVLETV,10,NLOPPOONLO
PKQLYFSARQ,10,OPLORRLOPL
VDICHMLVQA,10,ONOLPOOOLO
LEAVKYLIKA,10,ONOOPROOPO
PDTMIKLYRE,10,ONLOOPORPN
IREIITSILL,10,OPNOOLLOOO
KSNFELLEKE,10,PLLRNOONPN
PVLYTLMTRC,10,OOORLOOLPL
LKSLLQWVTS,10,OPLOOLROLL
SCKADEHRLL,10,LLPONNPPOO
PNFVTAMLSK,10,OLROLOOOLP
VDNFNEVLEE,10,ONLRLNOONN
YASLIRQAIL,10,ROLOOPLOOO
LRRAAQLQRK,10,OPPOOLOLPP
LNTRLRKLDE,10,OLLPOPPONN
ESLLRGIYAY,10,NLOOPOOROR
ATFAISILQQ,10,OLROOLOOLL
DTVGTMMTCA,10,NLOOLOOLLO
VEAALTKALG,10,ONOOOLPOOO
WNNSLADCST,10,RLLLOONLLL
GPTVVAWLEL,10,OOLOOORONO
AWYVAACRAN,10,ORROOOLPOL
RKELERRREA,10,PPNONPPPNO
NDRVIRWIQA,10,LNPOOPROLO
KGPQIRDLER,10,POOLOPNONP
ARELIKVLEE,10,OPNOOPOONN
PHILEVIDKC,10,OPOONOONPL
PIQRQAIPIG,10,OOLPLOOOOO
PAVERLARSY,10,OOONPOOPLR
KRKKLLAILE,10,PPPPOOOOON
FSRLLDSLRQ,10,RLPOONLOPL
GYGGYIASMI,10,OROOROOLOO
YKDLKKFLES,10,RPNOPPRONL
VPFLVSVLSK,10,OOROOLOOLP
TEKLSIMIEE,10,LNPOLOOONN
GARAERVLEL,10,OOPONPOONO
LQDFKSFLLK,10,OLNRPLROOP
REEVERLVKE,10,PNNONPOOPN
PQARSLCSQL,10,OLOPLOLLLO
PTDQDFYQKF,10,OLNLNRRLPR
PIPWQNEMVE,10,OOORLLNOON
AEKLIIHLRK,10,ONPOOOPOPP
IPATLKFFHS,10,OOOLOPRRPL
PDLRAELGKD,10,ONOPONOOPN
VMPMNILYLL,10,OOOOLOOROO
AKDLKQLAQK,10,OPNOPLOOLP
LGAHAAGIAG,10,OOOPOOOOOO
KPIESLMTRC,10,POONLOOLPL
HLQVVEVLKQ,10,POLOONOOPL
KGPQIRDLER,10,POOLOPNONP
KEVRQLAEDF,10,PNOPLOONNR
LENFRKQYVR,10,ONLRPPLROP
ISWLTESLGA,10,OLROLNLOOO
ERYQTMKLFT,10,NPRLLOPORL
VVPAVRKWRE,10,OOOOOPPRPN
WVHARYACDD,10,ROPOPROLNN
WERAVDILRE,10,RNPOONOOPN
NGVAIIVGTI,10,LOOOOOOOLO
LPAFLKLWIE,10,OOOROPORON
HEQAAAALKG,10,PNLOOOOOPO
REESQRLIGQ,10,PNNLLPOOOL
EDELFQSIME,10,NNNORLLOON
KEAVAICKGL,10,PNOOOOLPOO
VGRVHRLLRK,10,OOPOPPOOPP
PRHLQLAIRG,10,OPPOLOOOPO
KEMGDHLVKH,10,PNOONPOOPP
IITAIRHLRE,10,OOLOOPPOPN
PLYLAKLIFQ,10,OOROOPOORL
ADGVCMTFMK,10,ONOOLOLROP
PDMETKLLFM,10,ONONLPOORO
RWAIIGWLLT,10,PROOOOROOL
KELRAMLREK,10,PNOPOOOPNP
LISYTLQALE,10,OOLRLOLOON
FDVIYEAYQQ,10,RNOORNORLL
LNEIVNFVLL,10,OLNOOLROOO
DSAKDFIRNL,10,NLOPNROPLO
QHKLYQQIKA,10,LPPORLLOPO
PEAKNLINQM,10,ONOPLOOLLO
LYALSKIVAS,10,OROOLPOOOL
QAEISRRILK,10,LONOLPPOOP
ALAKDLIQRL,10,OOOPNOOLPO
IDIFSEEIRF,10,ONORLNNOPR
RFLRALRLIQ,10,PROPOOPOOL
ISAYDDELAF,10,OLORNNNOOR
PIQIYEKIVS,10,OOLORNPOOL
SDLKDLLRNL,10,LNOPNOOPLO
RDDLLEVLDM,10,PNNOONOONO
PEFSDHFWSS,10,ONRLNPRRLL
PLTAQAIQEG,10,OOLOLOOLNO
ESSVQALIDA,10,NLLOLOOONO
MAKVLMAFYQ,10,OOPOOOORRL
IDVYMIMVKC,10,ONOROOOOPL
LSQIYEWMVR,10,OLLORNROOP
QTLQDLLTSD,10,LLOLNOOLLN
NACGLYHKMN,10,LOLOORPPOL
NACGLYYKLH,10,LOLOORRPOP
VYRVARHYSR,10,ORPOOPPRLP
PEAIALCSRL,10,ONOOOOLLPO
MASFVRQLNM,10,OOLROPLOLO
IDNCCMQLVQ,10,ONLLLOLOOL
SYLQHIQIET,10,LROLPOLONL
ALFKAWALFK,10,OORPOROORP
VKWIEDTIAE,10,OPRONNLOON
MDEIKKAVKE,10,ONNOPPOOPN
QDEIVSAAKA,10,LNNOOLOOPO
EEEIWEELGV,10,NNNORNNOOO
PEECQRKYME,10,ONNLLPPRON
RSAEAQKLGN,10,PLONOLPOOL
PGRLLDHMQN,10,OOPOONPOLL
EEELKQIIKL,10,NNNOPLOOPO
RKVEDLARIS,10,PPONNOOPOL
TNDANVVCRQ,10,LLNOLOOLPL
PCEYVMVQDM,10,OLNROOOLNO
CNPMAYVMEK,10,LLOOOROONP
DEETKAFEAL,10,NNNLPORNOO
PGRLAELLLL,10,OOPOONOOOO
PEVWEDIKKE,10,ONORNNOPPN
RKWIKDTIAA,10,PPROPNLOOO
HEKAVELLKA,10,PNPOONOOPO
AEAKAFILKC,10,ONOPOROOPL
IMETVRILLY,10,OONLOPOOOR
EDGRSLLSQM,10,NNOPLOOLLO
GNELASAAAR,10,OLNOOLOOOP
LRVVEFLVKH,10,OPOONROOPP
EWEKELHHLQ,10,NRNPNOPPOL
QDAIRVFANI,10,LNOOPOROLO
PQVYEELFSY,10,OLORNNORLR
FKEAFECMRK,10,RPNORNLOPP
VNHINLFFTE,10,OLPOLORRLN
LEIVLQKVHE,10,ONOOOLPOPN
FPECLNLIKD,10,RONLOLOOPN
YEPAGLMFAR,10,RNOOOOOROP
HEKALSAFLT,10,PNPOOLOROL
YEEAVLLLLE,10,RNNOOOOOON
EDNVKLLKFW,10,NNLOPOOPRR
DAVFRLMEQC,10,NOORPOONLL
DKDQREMLQT,10,NPNLPNOOLL
VKEVLGRAAQ,10,OPNOOOPOOL
EKDLDDLLWI,10,NPNONNOORO
AVDVAKRLQD,10,OONOOPPOLN
KGALLSLIEY,10,POOOOLOONR
SLVSKFIERW,10,LOOLPRONPR
TAEGVARVRK,10,LONOOOPOPP
LLDKLKNKWW,10,OONPOPLPRR
GFSVLMRAMQ,10,ORLOOOPOOL
PKVQKLLQDF,10,OPOLPOOLNR
FPVLIEILQK,10,ROOOONOOLP
PEQIRYLVAL,10,ONLOPROOOO
TLCLTNFLVE,10,LOLOLLROON
FDYLLKAAEA,10,RNROOPOONO
LVQWQEFAGQ,10,OOLRLNROOL
VDNFNEVLEE,10,ONLRLNOONN
AQITQRFYEA,10,OLOLLPRRNO
YAEEFRTYLE,10,RONNRPLRON
TEDFLTFLCL,10,LNNROLROLO
VTRFNEEVKK,10,OLPRLNNOPP
GFDAIMQATV,10,ORNOOOLOLO
LGLMTEKLSQ,10,OOOOLNPOLL
FNKYVAYIES,10,RLPROORONL
KAKEEELRKS,10,POPNNNOPPL
YVKVLHHMVK,10,ROPOOPPOOP
LQAMVAHELS,10,OLOOOOPNOL
GDEVISILKQ,10,ONNOOLOOPL
VGALVGLAVL,10,OOOOOOOOOO
YSKVQHLALH,10,RLPOLPOOOP
NQAMDDFKTM,10,LLOONNRPLO
PGRLLQHMDE,10,OOPOOLPONN
IPVHKWCIRH,10,OOOPPRLOPP
FQDTLQVVTA,10,RLNLOLOOLO
PESSHEGLIT,10,ONLLPNOOOL
SRFRVIGSLS,10,LPRPOOOLOL
HYDVAKKLKE,10,PRNOOPPOPN
VEGKLRASVE,10,ONOPOPOLON
LTVFTVLCEQ,10,OLORLOOLNL
PELTEKLRKF,10,ONOLNPOPPR
NAGAIVVSSL,10,LOOOOOOLLO
NATFQSEKET,10,LOLRLLNPNL
PWTQRFFDSF,10,ORLLPRRNLR
PDVVTECRLG,10,ONOOLNLPOO
EDAKSICRML,10,NNOPLOLPOO
SIPWQNEMIE,10,LOORLLNOON
LTDASVVCRA,10,OLNOLOOLPO
VRDLLRYFYS,10,OPNOOPRRRL
RQLQGYCASL,10,PLOLORLOLO
PQDVGLLLPK,10,OLNOOOOOOP
HAQVVKIFQS,10,POLOOPORLL
KEEIEYLNSI,10,PNNONROLLO
FWPNVLEESI,10,RROLOONNLO
REDAARAIAG,10,PNNOOPOOOO
LSAIIKEVCD,10,OLOOOPNOLN
ELLRELLASL,10,NOOPNOOOLO
DTKIDSIEDR,10,NLPONLONNP
VAHLVGALRS,10,OOPOOOOOPL
KLIQEIVDKS,10,POOLNOONPL
SKEMVRVMRK,10,LPNOOPOOPP
LTERSQIAHA,10,OLNPLLOOPO
KELADLMTRC,10,PNOONOOLPL
TVTRLVNTLK,10,LOLPOOLLOP
EVFHIASQYS,10,NORPOOLLRL
LPVLTALAEA,10,OOOOLOOONO
GFDAMLQAAV,10,ORNOOOLOOO
QCEQRSLEQL,10,LLNLPLONLO
TWKKHFLNSM,10,LRPPPROLLO
IPAITKAGQA,10,OOOOLPOOLO
PATVKKVVNY,10,OOLOPPOOLR
ISRAWRNSQR,10,OLPORPLLLP
EAEHRLFERL,10,NONPPORNPO
CTPSRAALLT,10,LLOLPOOOOL
EQEFRNRMIE,10,NLNRPLPOON
FGTRDVCTEL,10,ROLPNOLLNO
PQACENWLRG,10,OLOLNLROPO
TVMYRNYQRK,10,LOORPLRLPP
LDTLVVLHRA,10,ONLOOOOPPO
SRETIQAAKT,10,LPNLOLOOPL
DEAYDLLDKL,10,NNORNOONPO
FNTMSEIMES,10,RLLOLNOONL
LFAKFSAYIK,10,OROPRLOROP
TDELRNLHKL,10,LNNOPLOPPO
NSELVKRILN,10,LLNOOPPOOL
KKIQNFAKSA,10,PPOLLROPLO
LVGTVMNGLS,10,OOOLOOLOOL
QATEWLKTHL,10,LOLNROPLPO
LPVLEKELNT,10,OOOONPNOLL
EFVHGLLENA,10,NROPOOONLO
ILDYRAVIEK,10,OONRPOOONP
DTLIRRVLEV,10,NLOOPPOONO
DDILQLLKKN,10,NNOOLOOPPL
YPVLIEELLS,10,ROOOONNOOL
LEAAVRLTCC,10,ONOOOPOLLL
AALHQLMLDC,10,OOOPLOOONL
ITLNTITAAT,10,OLOLLOLOOL
KLLYDLADQL,10,POORNOONLO
IEAAVQDRLN,10,ONOOOLNPOL
IDEAITLLEQ,10,ONNOOLOONL
LQIVFDFVAS,10,OLOORNROOL
DECKHLLSLM,10,NNLPPOOLOO
AEASCAALVK,10,ONOLLOOOOP
TTVSHVSDIV,10,LLOLPOLNOO
AEAVFASEVK,10,ONOOROLNOP
ADTHDEILEG,10,ONLPNNOONO
PNNVLQEKIC,10,OLLOOLNPOL
DAQRRLCFFY,10,NOLPPOLRRR
PEEKCQAYES,10,ONNPLLORNL
FIYIAILSQK,10,ROROOOOLLP
VVLCRLLERL,10,OOOLPOONPO
YPTLLKELER,10,ROLOOPNONP
IQQIYEWHRD,10,OLLORNRPPN
EDCVKALVYY,10,NNLOPOOORR
VLATLYAAKK,10,OOOLOROOPP
PLDMYSYLHN,10,OONORLROPL
AYVVLGQFLV,10,OROOOOLROO
LFKIIQKALQ,10,ORPOOLPOOL
VSNYNALRAA,10,OLLRLOOPOO
PLIINSIIDK,10,OOOOLLOONP
SSPFVFKLLL,10,LLORORPOOO
ANEMFRIFSR,10,OLNORPORLP
HLEILEWTLR,10,PONOONRLOP
PDNFIAACTE,10,ONLROOOLLN
AANKELTFLL,10,OOLPNOLROO
VPEQLYQYMV,10,OONLORLROO
NSSIAALLCA,10,LLLOOOOOLO
QALRHLYVLA,10,LOOPPOROOO
VSIRRQAIKE,10,OLOPPLOOPN
TRFVTYFCEQ,10,LPROLRRLNL
RNLWEHYYKE,10,PLORNPRRPN
LKELLEFKFK,10,OPNOONRPRP
LFVIEMGLLK,10,OROONOOOOP
WKDWAQTAFD,10,RPNROLLORN
EGCLIEILAS,10,NOLOONOOOL
FMFQRVLVSL,10,RORLPOOOLO
EVKFLTVLCS,10,NOPROLOOLL
LAELVKTYCS,10,OONOOPLRLL
RQSLVRSAFR,10,PLLOOPLORP
KWVQDFMKHL,10,PROLNROPPO
FEQLHKKCLE,10,RNLOPPPLON
CWFLAAIACL,10,LRROOOOOLO
MYKIMKKAIE,10,ORPOOPPOON
SYEMRNAVND,10,LRNOPLOOLN
VVFTDEMAHF,10,OORLNNOOPR
PDMVWDFWSL,10,ONOORNRRLO
VEDAARLSQE,10,ONNOOPOLLN
YCRLKKCLKV,10,RLPOPPLOPO
MLDTLMQAKM,10,OONLOOLOPO
YGLLARLAVE,10,ROOOOPOOON
HSRAVEALKE,10,PLPOONOOPN
GGQLLGALQT,10,OOLOOOOOLL
GFVTDITAKT,10,OROLNOLOPL
LEMASAVVNA,10,ONOOLOOOLO
GVVTFTLQQL,10,OOOLRLOLLO
AAQVKKMGGL,10,OOLOPPOOOO
PWVKVVFLEK,10,OROPOORONP
VELLFLRYIS,10,ONOOROPROL
GFSTGYGSAV,10,ORLLOROLOO
LDTMMASLLC,10,ONLOOOLOOL
EDALIEILTT,10,NNOOONOOLL
EDKFTEILCL,10,NNPRLNOOLO
GESATTFAQS,10,ONLOLLROLL
PSYQAVEYMR,10,OLRLOONROP
ETLRAAVAAS,10,NLOPOOOOOL
SMLVAAIQSA,10,LOOOOOOLLO
AKELANILKY,10,OPNOOLOOPR
KENAEKFADT,10,PNLONPRONL
PKKGIQFLIE,10,OPPOOLROON
CEDIAQFLYK,10,LNNOOLRORP
LVQALRQFLW,10,OOLOOPLROR
ADRAFMAAQK,10,ONPOROOOLP
TSLHQLMLDC,10,LLOPLOOONL
EDFKQAFHKL,10,NNRPLORPPO
GNPMAKNLMK,10,OLOOOPLOOP
LERYRARILD,10,ONPRPOPOON
EGFILACLEY,10,NOROOOLONR
PQFVLAQNVG,10,OLROOOLLOO
KWVREYINSL,10,PROPNROLLO
VEDLIQQQIS,10,ONNOOLLLOL
KWVQKYISLL,10,PROLPROLOO
EEAMVEAVAL,10,NNOOONOOOO
GFSEYVLWRK,10,ORLNROORPP
SSTPYARLAQ,10,LLLOROPOOL
EESIAVGTVK,10,NNLOOOOLOP
VGDKRDISRF,10,OONPPNOLPR
EARGRLLERN,10,NOPOPOONPL
LWQFLVALLD,10,ORLROOOOON
EEEFKLWNRL,10,NNNRPORLPO
YITALNMCHQ,10,ROLOOLOLPL
KLSSRIQSML,10,POLLPOLLOO
KHFEQAIERV,10,PPRNLOONPO
LWTMFQAAQK,10,ORLORLOOLP
LAACQAAVRE,10,OOOLLOOOPN
HARIIELLTE,10,POPOONOOLN
FHEIIQEWQK,10,RPNOOLNRLP
DVLRADRTTA,10,NOOPONPLLO
TWVKYIVRLL,10,LROPROOPOO
FSRNLYDIGE,10,RLPLORNOON
SEDLASLKFL,10,LNNOOLOPRO
ALMLFQRLQE,10,OOOORLPOLN
LLDIFIEMEK,10,OONORONONP
KSLLKIINDY,10,PLOOPOOLNR
EDVLKEAVAN,10,NNOOPNOOOL
EELFHLLNFL,10,NNORPOOLRO
VVMDLKKCCN,10,OOONOPPLLL
QGFFVSVFYC,10,LORROLORRL
QVTNAVLKLI,10,LOLLOOOPOO
ERSYQRFTAF,10,NPLRLPRLOR
EQKQEQETTH,10,NLPLNLNLLP
TYCWLHKGAI,10,LRLROPPOOO
ADAQLAYLNK,10,ONOLOOROLP
EEKFRYMCIL,10,NNPRPROLOO
LAKACKVLRL,10,OOPOLPOOPO
RKQIFSRLAE,10,PPLORLPOON
PRHLQLAIRN,10,OPPOLOOOPL
VQQYVRDSRV,10,OLLROPNLPO
GFSTGYGSAV,10,ORLLOROLOO
LDTMMASLLC,10,ONLOOOLOOL
DQGAAQFAAA,10,NLOOOLROOO
LARLTLFHIE,10,OOPOLORPON
WSVNGRSVLT,10,RLOLOPLOOL
PEVVWTAKQH,10,ONOORLOPLP
KVLVADFLEQ,10,POOOONRONL
PENLKLMMNL,10,ONLOPOOOLO
QPKLIEFLSS,10,LOPOONROLL
FIYFIRRLTD,10,RORROPPOLN
GASANEMLLS,10,OOLOLNOOOL
WHDSITACKE,10,RPNLOLOLPN
YPALGLLKGC,10,ROOOOOOPOL
WHDSVTACQE,10,RPNLOLOLLN
PLGGVLFSIE,10,OOOOOORLON
PESLGQSAVW,10,ONLOOLLOOR
YGELRTLLQT,10,RONOPLOOLL
LHKTHTLFSL,10,OPPLPLORLO
LSFCAILHHF,10,OLRLOOOPPR
VDILLEYRSS,10,ONOOONRPLL
AGLHQLMLDC,10,OOOPLOOONL
KLKLYTGEAC,10,POPORLONOL
YAPLVAPISK,10,ROOOOOOOLP
PKRGIQFLQE,10,OPPOOLROLN
RSQSEQLLRQ,10,PLLLNLOOPL
IPKLIHYHQH,10,OOPOOPRPLP
PLVSGLLAAS,10,OOOLOOOOOL
VFEFDIFTRL,10,ORNRNORLPO
LFQALIDGFR,10,ORLOOONORP
YQDIQKALVI,10,RLNOLPOOOO
WYSAEQFCVS,10,RRLONLRLOL
YEDLINKIET,10,RNNOOLPONL
PCMRDLIKLA,10,OLOPNOOPOO
DPAAQAFRLN,10,NOOOLORPOL
CNILLKLVMA,10,LLOOOPOOOO
ILDKHRQVGN,10,OONPPPLOOL
NVMKNIMAGL,10,LOOPLOOOOO
LALNALIHSH,10,OOOLOOOPLP
LSAACDALDQ,10,OLOOLNOONL
VLSFKTGIIS,10,OOLRPLOOOL
EPSVRSCFQF,10,NOLOPLLRLR
IGLINRIAQK,10,OOOOLPOOLP
KKEKTLLQKL,10,PPNPLOOLPO
SLQRQANILL,10,LOLPLOLOOO
DDFVCYFTSR,10,NNROLRRLLP
HGQAVSLLKT,10,POLOOLOOPL
LALCALIHRH,10,OOOLOOOPPP
AYKWYELGHK,10,ORPRRNOOPP
GPRRSRLNRE,10,OOPPLPOLPN
KDNLIKLVTA,10,PNLOOPOOLO
SSWFIDCVMS,10,LLRRONLOOL
CHQKIDDLFS,10,LPLPONNORL
ALFMVAFQLF,10,OOROOORLOR
FEDVKQVFGQ,10,RNNOPLOROL
PSDIHVHKQV,10,OLNOPOPPLO
NTYALYVRDT,10,LLROOROPNL
VDMMKEALEK,10,ONOOPNOONP
QRGAEILADT,10,LPOONOOONL
QGLYELMLRC,10,LOORNOOOPL
ESEILEAISQ,10,NLNOONOOLL
VGVLLRKLEA,10,OOOOOPPONO
LDEFKRKYSN,10,ONNRPPPRLL
AKQKSVISWL,10,OPLPLOOLRO
AEAQCAILDL,10,ONOLLOOONO
CVTAMEILNE,10,LOLOONOOLN
NALVSHLLVV,10,LOOOLPOOOO
VELIVDIAKR,10,ONOOONOOPP
KIASTVVAQT,10,POOLLOOOLL
AVDCVIYLSQ,10,OONLOOROLL
PAERAQVVHL,10,OONPOLOOPO
SFLAAVVDAL,10,LROOOOONOO
PMGQTSFEHL,10,OOOLLLRNPO
LAQELHVWTD,10,OOLNOPORLN
SRYTHFLTQH,10,LPRLPROLLP
DRYCESIMRR,10,NPRLNLOOPP
VGLVQELLGR,10,OOOOLNOOOP
VKELVKAAEE,10,OPNOOPOONN
EEQIHQIRIE,10,NNLOPLOPON
DTNLVECLTK,10,NLLOONLOLP
KHDLGHFMLR,10,PPNOOPROOP
PTCLRALLDS,10,OLLOPOOONL
EEVMQMCDRY,10,NNOOLOLNPR
KKQIDQFANE,10,PPLONLROLN
PEEARNDFLK,10,ONNOPLNROP
DSAKELITMM,10,NLOPNOOLOO
PKRIAKAVNE,10,OPPOOPOOLN
AHRCIVRALK,10,OPPLOOPOOP
QSLYQKIAEE,10,LLORLPOONN
RQDMANAFAQ,10,PLNOOLOROL
NHMMLKIAEE,10,LPOOOPOONN
RDVQDECKKK,10,PNOLNNLPPP
PAGILCVADQ,10,OOOOOLOONL
KSSWDAFIRH,10,PLLRNOROPP
DEELIRIAER,10,NNNOOPOONP
CSAFVEFVKM,10,LLORONROPO
NDEVEAAAQA,10,LNNONOOOLO
VYADMWQLQQ,10,ORONORLOLL
QDMHCLIRYM,10,LNOPLOOPRO
LTVKLQLQAL,10,OLOPOLOLOO
RTEVEKAIRM,10,PLNONPOOPO
PVLCALAKKH,10,OOOLOOOPPP
MPFSLANELM,10,OORLOOLNOO
IMCAAALRLM,10,OOLOOOOPOO
LFKFFFWFGY,10,ORPRRRRROR
DLQVDFLTEK,10,NOLONROLNP
ATSTIISITN,10,OLLLOOLOLL
MSLAKELIFS,10,OLOOPNOORL
KDRLEGLLAF,10,PNPONOOOOR
IDMNFQSDLL,10,ONOLRLLNOO
TDQLEWMVQL,10,LNLONROOLO
REWVLDSVAL,10,PNROONLOOO
PRLVMAYEEK,10,OPOOOORNNP
TKELGTVMRS,10,LPNOOLOOPL
AAELRHVMTN,10,OONOPPOOLL
ELGKDLLLKC,10,NOOPNOOOPL
PGEHYILKTL,10,OONPROOPLO
SDYAVKIVKA,10,LNROOPOOPO
VTLLSRYLDL,10,OLOOLPRONO
LLKLEESYEL,10,OOPONNLRNO
VPETIETLMK,10,OONLONLOOP
QETAINIGHS,10,LNLOOLOOPL
RQYFLDLALS,10,PLRRONOOOL
WADADNYCRL,10,RONONLRLPO
VEYAVGYWIH,10,ONROOORROP
DVTLYGMLNT,10,NOLOROOOLL
AMAQNAIKAM,10,OOOLLOOPOO
PGEVYTDYVA,10,OONORLNROO
EVVIDLAKKC,10,NOOONOOPPL
FAERFSQELQ,10,RONPRLLNOL
QPLLLGRIIA,10,LOOOOOPOOO
EYRYRSVIKA,10,NRPRPLOOPO
VLTEKEIFES,10,OOLNPNORNL
DQEIWKVADE,10,NLNORPOONN
IILCEFINKL,10,OOOLNROLPO
LNYLFTFLLK,10,OLRORLROOP
PNVRIQAVLA,10,OLOPOLOOOO
PEVRRAVLSC,10,ONOPPOOOLL
DAVKQAMQKH,10,NOOPLOOLPP
PLDLFNKIRE,10,OONORLPOPN
KKLRSSFESS,10,PPOPLLRNLL
AIYKQYRLQK,10,OORPLRPOLP
WRDVLEAIKA,10,RPNOONOOPO
VFELERLLYT,10,ORNONPOORL
LVEAIKKVKD,10,OONOOPPOPN
AFELERLFWK,10,ORNONPORRP
CEVIKAIADT,10,LNOOPOOONL
SSDLQGLQAC,10,LLNOLOOLOL
RASEKQKEIE,10,POLNPLPNON
IADTLGAVAK,10,OONLOOOOOP
LTKLLIAEVK,10,OLPOOOONOP
IQCSGVHREL,10,OLLLOOPPNO
LPLVDFIIQN,10,OOOONROOLL
MGAQDLISKL,10,OOOLNOOLPO
EKTWTALRHQ,10,NPLRLOOPPL
RFHADFIHKH,10,PRPONROPPP
LWVQQLMQHL,10,OROLLOOLPO
KVKTALNLFY,10,POPLOOLORR
GEVQAILRRN,10,ONOLOOOPPL
AEEIQRVAEV,10,ONNOLPOONO
WYILASSIGS,10,RROOOLLOOL
GEKIHRQLAQ,10,ONPOPPLOOL
KERRRAVLEL,10,PNPPPOOONO
VIDHVRDMAA,10,OONPOPNOOO
PKINMMLANL,10,OPOLOOOOLO
MDVYGYLLAR,10,ONOROROOOP
AQTLTLLATV,10,OLLOLOOOLO
KTTILYKLKL,10,PLLOORPOPO
DKIRPLWRHY,10,NPOPOORPPR
CTPSRSQLLT,10,LLOLPLLOOL
LMQLCRLRIR,10,OOLOLPOPOP
ECEAGALRCR,10,NLNOOOOPLP
TEDFIQSAEI,10,LNNROLLONO
PEELRAAIED,10,ONNOPOOONN
CVSNIERNLQ,10,LOLLONPLOL
LGARDLISRL,10,OOOPNOOLPO
EEFAFLKKEV,10,NNROROPPNO
TETLFFIFYY,10,LNLORRORRR
DQVKKAFAFC,10,NLOPPORORL
QSKIWDVVEK,10,LLPORNOONP
LTEKRMDKVG,10,OLNPPONPOO
KELRKCCEDG,10,PNOPPLLNNO
GPLLNKFLTT,10,OOOOLPROLL
VPPVVRWLNE,10,OOOOOPROLN
KEEMLAIMKS,10,PNNOOOOOPL
PQLRRIIGAV,10,OLOPPOOOOO
TTIKRIIKKV,10,LLOPPOOPPO
AAVNAAVQRV,10,OOOLOOOLPO
DDLLQECISS,10,NNOOLNLOLL
RLQERLIKKL,10,POLNPOOPPO
EGARDLISRL,10,NOOPNOOLPO
TKEMMKIFHK,10,LPNOOPORPP
YKRMNMLRQK,10,RPPOLOOPLP
TVTLKKLAES,10,LOLOPPOONL
IMAVMATAMY,10,OOOOOOLOOR
VPIIQQDIQS,10,OOOOLLNOLL
EEELVEFVKE,10,NNNOONROPN
AQEEKELLES,10,OLNNPNOONL
VVSLAERHYY,10,OOLOONPPRR
FSSCLHQVLG,10,RLLLOPLOOO
EPTVALLRWL,10,NOLOOOOPRO
DTLKMHIAKI,10,NLOPOPOOPO
AGIAVAVLIT,10,OOOOOOOOOL
REEADEYIDI,10,PNNONNRONO
CQEGLRTLAE,10,LLNOOPLOON
VGTMGNRLQR,10,OOLOOLPOLP
LSERCAQYKK,10,OLNPLOLRPP
VKEAVKVAID,10,OPNOOPOOON
AAQVLIRFHI,10,OOLOOOPRPO
TEESKRAYVT,10,LNNLPPOROL
KHEIDRMTLT,10,PPNONPOLOL
PELRSLLEGL,10,ONOPLOONOO
SLLTLDTYLG,10,LOOLONLROO
KWVQDYIKDM,10,PROLNROPNO
SVLLDLMKNL,10,LOOONOOPLO
FATELILAEK,10,ROLNOOOONP
EVVYSLMAEL,10,NOORLOOONO
NDTLQQLMEV,10,LNLOLLOONO
PEVLQEWLDE,10,ONOOLNRONN
PFWDTIRDQI,10,ORRNLOPNLO
VDEINQIRVE,10,ONNOLLOPON
TDALTSVLTK,10,LNOOLLOOLP
LEQVKKLKER,10,ONLOPPOPNP
VASSVKLCRQ,10,OOLLOPOLPL
KGTAVAICRR,10,POLOOOOLPP
PSAQRDACLN,10,OLOLPNOLOL
EGLLGTLVQL,10,NOOOOLOOLO
AEMAQNAVRL,10,ONOOLLOOPO
YKQVVDLIRS,10,RPLOONOOPL
SVMKQFLETA,10,LOOPLRONLO
KNQIEQLGKK,10,PLLONLOOPP
NTQLEAAEWL,10,LLLONOONRO
KEIYGPILER,10,PNOROOOONP
GPVYRIMTQC,10,OOORPOOLLL
ATIFALSTMT,10,OLOROOLLOL
VRDSLKKALM,10,OPNLOPPOOO
KAMKRLMAEC,10,POOPPOOONL
LEEIREAFKV,10,ONNOPNORPO
KQELGTAMRS,10,PLNOOLOOPL
GDEISKLSQL,10,ONNOLPOLLO
LQAFKSFLRS,10,OLORPLROPL
RTVRVLRPLR,10,PLOPOOPOOP
FIYFILLIIV,10,RORROOOOOO
WVDIMYDGLD,10,RONOORNOON
PTIIRIMRVL,10,OLOOPOOPOO
PYALDLIDKL,10,OROONOONPO
VDGIQQFCDD,10,ONOOLLRLNN
ISVLVIAWKF,10,OLOOOOORPR
RKEFLDGMTE,10,PPNRONOOLN
LDLWNTFLME,10,ONORLLROON
VLIDDFVEYA,10,OOONNRONRO
VVPFLYNRQQ,10,OOORORLPLL
GEFYEALDCL,10,ONRRNOONLO
YQDARKCLGR,10,RLNOPPLOOP
GFSTGYGAAV,10,ORLLOROOOO
ILFTRIWRLF,10,OORLPORPOR
RWLYEAMAKA,10,PRORNOOOPO
AEALRTLRIG,10,ONOOPLOPOO
TIAALLQEIV,10,LOOOOOLNOO
IPLCLRIMES,10,OOOLOPOONL
PRAREALRQC,10,OPOPNOOPLL
TGNLITGLAA,10,LOLOOLOOOO
GSQAVKAMKE,10,OLLOOPOOPN
RSSALASKAT,10,PLLOOOLPOL
RIYAIAKAID,10,POROOOPOON
EAQTRELRLK,10,NOLLPNOPOP
RSIFSAVLDE,10,PLORLOOONN
LNEALEFAKS,10,OLNOONROPL
FIDVATKVMI,10,RONOOLPOOO
LTDCLLVEME,10,OLNLOOONON
VPTLFKKICD,10,OOLORPPOLN
PSVISLLKHM,10,OLOOLOOPPO
DAILGRLLRA,10,NOOOOPOOPO
GGYLGILEWI,10,OOROOOONRO
YEEAKNLLTK,10,RNNOPLOOLP
YEQLRVRCLQ,10,RNLOPOPLOL
CWLLAAIASL,10,LROOOOOOLO
EAQWTKWKAM,10,NOLRLPRPOO
EKALMKAVAT,10,NPOOOPOOOL
WDDSQKYLSD,10,RNNLLPROLN
LWVNLAIQVL,10,OROLOOOLOO
PYQFLLKYAK,10,ORLROOPROP
FAILQSVKAR,10,ROOOLLOPOP
VEEVQAIMEA,10,ONNOLOOONO
PEALDLLDKL,10,ONOONOONPO
SDVAALHKAI,10,LNOOOOPPOO
AFKQAIQASH,10,ORPLOOLOLP
ICEVGTIRCA,10,OLNOOLOPLO
PDFASSFKIV,10,ONROLLRPOO
PKTLQEAIDD,10,OPLOLNOONN
VEEMKKQIEA,10,ONNOPPLONO
HHKILAIVGT,10,PPPOOOOOOL
RNIHCLIRFM,10,PLOPLOOPRO
QLFDRILLLF,10,LORNPOOOOR
KEQLVQAVHD,10,PNLOOLOOPN
DGMLLRECLI,10,NOOOOPNLOO
PLFLDFLKQC,10,OORONROPLL
MPIARKIIKD,10,OOOOPPOOPN
LDKANYLSQA,10,ONPOLROLLO
WVDIALECER,10,RONOOONLNP
PEEVRLPLQH,10,ONNOPOOOLP
FPEVIKYLSR,10,RONOOPROLP
MKPVQKVLED,10,OPOOLPOONN
PKIQQLVKEF,10,OPOLLOOPNR
TVTVENVLKQ,10,LOLONLOOPL
IFSKFSAYIK,10,ORLPRLOROP
LDLLRFVGMK,10,ONOOPROOOP
HFYSLVKQRE,10,PRRLOOPLPN
IKKDEEVLKK,10,OPPNNNOOPP
AFVAELAAER,10,OROONOOONP
PVKVGCDRLL,10,OOPOOLNPOO
PDARAWDYQA,10,ONOPORNRLO
EEQRLASARA,10,NNLPOOLOPO
EKVYELMRAC,10,NPORNOOPOL
PVLCALAKKH,10,OOOLOOOPPP
EPWVAYRQHR,10,NOROORPLPP
QDSIELLTTS,10,LNLONOOLLL
PIDFSYRVAA,10,OONRLRPOOO
AERIVRTLCK,10,ONPOOPLOLP
RETVRAKSIE,10,PNLOPOPLON
DSVWKFAQKV,10,NLORPROLPO
PRYYDILKKR,10,OPRRNOOPPP
PQLAKMVIAS,10,OLOOPOOOOL
MKKDFESCLG,10,OPPNRNLLOO
EPVVEAITQG,10,NOOONOOLLO
PPLVIAYAIA,10,OOOOOOROOO
VFDAAERYQQ,10,ORNOONPRLL
ILNYMIRKMA,10,OOLROOPPOO
YENFFDKLQQ,10,RNLRRNPOLL
GDVLEEVIRQ,10,ONOONNOOPL
EVANSILQKI,10,NOOLLOOLPO
ALRIKKTLQK,10,OOPOPPLOLP
EGNIARFLFS,10,NOLOOPRORL
SPKVVELCKK,10,LOPOONOLPP
FGTILNYLRD,10,ROLOOLROPN
SAPLALLHKI,10,LOOOOOOPPO
FGRAFEKAAE,10,ROPORNPOON
LEKVFQYIDL,10,ONPORLRONO
ARLSQMATIL,10,OPOLLOOLOO
QADLDSLVRE,10,LONONLOOPN
TAVGKLLDNL,10,LOOOPOONLO
AKKRDIYDKY,10,OPPPNORNPR
PKRIAQAVEK,10,OPPOOLOONP
VIPLAILINI,10,OOOOOOOOLO
GFSTGYGSAV,10,ORLLOROLOO
LDTMMASLLC,10,ONLOOOLOOL
KELFDELVKK,10,PNORNNOOPP
ETEAATFARE,10,NLNOOLROPN
FEQEMATAAS,10,RNLNOOLOOL
IHETTFNSIM,10,OPNLLRLLOO
IDCSGVHRSL,10,ONLLOOPPLO
NANATAFFRQ,10,LOLOLORRPL
GNFEKTALAL,10,OLRNPLOOOO
ELAFNEVLAK,10,NOORLNOOOP
EETLIRIVVT,10,NNLOOPOOOL
DFRKLLVALL,10,NRPPOOOOOO
QLEFMSQQCA,10,LONROLLLLO
QGWMRAVRKH,10,LOROPOOPPP
PGLQLYRASY,10,OOOLORPOLR
WQQAREVVRF,10,RLLOPNOOPR
ADYFEKTWLS,10,ONRRNPLROL
PDTLQMALQV,10,ONLOLOOOLO
ITVIDEIRDL,10,OLOONNOPNO
EKVNKIVRTL,10,NPOLPOOPLO
SKKRSLYDRA,10,LPPPLORNPO
KELYDLGLKL,10,PNORNOOOPO
KPDLENRIAE,10,PONONLPOON
PAWLLECFKT,10,OOROONLRPL
IRETIRYLVQ,10,OPNLOPROOL
PCRKILEFLY,10,OLPPOONROR
KSLAMEMVLT,10,PLOOONOOOL
LWKRNELKKQ,10,ORPPLNOPPL
LHGEGNRLFK,10,OPONOLPORP
VYAEVKRVGD,10,ORONOPPOON
GWLIQLFHKK,10,OROOLORPPP
LPRVNEKLQK,10,OOPOLNPOLP
LGRLSHILEM,10,OOPOLPOONO
PEDVEKLQQV,10,ONNONPOLLO
EPWVAYRQHR,10,NOROORPLPP
TRELGTVMRS,10,LPNOOLOOPL
AAELRHVMTR,10,OONOPPOOLP
RAELEMWLQG,10,PONONOROLO
VAELKQILHS,10,OONOPLOOPL
ALETLDELLA,10,OONLONNOOO
PKKGIQFLVE,10,OPPOOLROON
PEEIARFLYK,10,ONNOOPRORP
LVQALRQFLW,10,OOLOOPLROR
EEGMERFCND,10,NNOONPRLLN
RKEFFDGCKA,10,PPNRRNOLPO
LDQWLNFLTE,10,ONLROLROLN
EWARFGRTLA,10,NROPROPLOO
LARRLSPIML,10,OOPPOLOOOO
PYQILHECLK,10,ORLOOPNLOP
PAMQRLSISK,10,OOOLPOLOLP
VKELFQELLN,10,OPNORLNOOL
PHSQALKKVF,10,OPLLOOPPOR
WFRGLNRIQT,10,RRPOOLPOLL
EHELQSRLNR,10,NPNOLLPOLP
ALEIIDFFRN,10,OONOONRRPL
LIDRIIETIC,10,OONPOONLOL
PKRGIQYLQE,10,OPPOOLROLN
PEDIAQFLHQ,10,ONNOOLROPL
FVSALRMFLE,10,ROLOOPORON
LLQWLLKRLK,10,OOLROOPPOP
GIDVLLQQLS,10,OONOOOLLOL
GLQLMNLMLR,10,OOLOOLOOOP
GLRTIFPLFM,10,OOPLOROORO
GQQRTRLLNK,10,OLLPLPOOLP
VPTLFKKIRG,10,OOLORPPOPO
RSVATLLMHM,10,PLOOLOOOPO
DEAVKEVCEK,10,NNOOPNOLNP
PKVYELMRAC,10,OPORNOOPOL
LDKALKLASA,10,ONPOOPOOLO
LEEAIQFINQ,10,ONNOOLROLL
DKVIKKMIAE,10,NPOOPPOOON
LGLCALIHRH,10,OOOLOOOPPP
KPPKVQEKCQ,10,POOPOLNPLL
EQMNEFRASF,10,NLOLNRPOLR
PDQAQYCIKR,10,ONLOLRLOPP
QWHWVKQCLK,10,LRPROPLLOP
LWEQSKEFLR,10,ORNLLPNROP
DCSQAYLESF,10,NLLLORONLR
AAELKQIVDQ,10,OONOPLOONL
KLLSAEFLEQ,10,POOLONRONL
PENLKLMMNL,10,ONLOPOOOLO
QAKLIEFLSK,10,LOPOONROLP
GAPMHDLLLW,10,OOOOPNOOOR
EEIERQLKAL,10,NNONPLOPOO
GLLADIVHAC,10,OOOONOOPOL
AVDEEDFIKA,10,OONNNNROPO
IFAKFSAYIK,10,OROPRLOROP
AEAIAEGAQS,10,ONOOONOOLL
NTIFASLAVK,10,LLOROLOOOP
IQCSGIHRSL,10,OLLLOOPPLO
VELILDIAKR,10,ONOOONOOPP
KIASSIVAQT,10,POOLLOOOLL
PTQRAEVIRI,10,OLLPONOOPO
PEEMKQIVEE,10,ONNOPLOONN
LHWAALLILM,10,OPROOOOOOO
KTFRDAFGRY,10,PLRPNOROPR
LSERCAQYKK,10,OLNPLOLRPP
INKALTVSSA,10,OLPOOLOLLO
IDKAITISSA,10,ONPOOLOLLO
PSVTLFRQYL,10,OLOLORPLRO
HKLIKRMIDE,10,PPOOPPOONN
QSKVDWGKFF,10,LLPONROPRR
KSSLIHRFLT,10,PLLOOPPROL
VEAFAKAMQN,10,ONOROPOOLL
KSLRSYWRNY,10,PLOPLRRPLR
MLYLATRIEQ,10,OOROOLPONL
TDIVKMLLDC,10,LNOOPOOONL
IDCSGSHRSL,10,ONLLOLPPLO
EGVIIEILAS,10,NOOOONOOOL
EMKFITILCT,10,NOPROLOOLL
KYHVLRFLDK,10,PRPOOPRONP
QEEQAITWAR,10,LNNLOOLROP
PLTARLLRDT,10,OOLOPOOPNL
AGFIEDLTHK,10,OORONNOLPP
SYARSSVVTA,10,LROPLLOOLO
LDTVLPHLYN,10,ONLOOOPORL
IFEFLNHVED,10,ORNROLPONN
EEEIVNFVEE,10,NNNOOLRONN
EAYAEEFGNE,10,NORONNROLN
RKALHQHRLQ,10,PPOOPLPPOL
PHQLQDTFLR,10,OPLOLNLROP
VETEIEILKK,10,ONLNONOOPP
EKALDLVKKL,10,NPOONOOPPO
KTCLLISYTT,10,PLLOOOLRLL
PETAEKLARD,10,ONLONPOOPN
KMKLLNLYIK,10,POPOOLOROP
LLEVGPICNK,10,OONOOOOLLP
QTSRTVLEQV,10,LLLPLOONLO
TATGIRKVVR,10,LOLOOPPOOP
EKSRQELNTI,10,NPLPLNOLLO
FGVHLAELTV,10,ROOPOONOLO
ERAKIVIREL,10,NPOPOOOPNO
LFNLLMEMLV,10,ORLOOONOOO
ALEFVMAEWT,10,OONROOONRL
EEELFHSIRM,10,NNNORPLOPO
KEAKDLLVKL,10,PNOPNOOOPO
DLMFGYQFLN,10,NOORORLROL
GHVQMVQRAM,10,OPOLOOLPOO
RQALSLLGRM,10,PLOOLOOOPO
SMMIASTAVN,10,LOOOOLLOOL
HSLRQLVKLS,10,PLOPLOOPOL
MATTEVLKRL,10,OOLLNOOPPO
DAETLNNILA,10,NONLOLLOOO
VTPRMAEVAS,10,OLOPOONOOL
GISTGYGAAV,10,OOLLOROOOO
LFMLYVLVTE,10,OROOROOOLN
PAIEDLKYCL,10,OOONNOPRLO
QPFVQGLALY,10,LOROLOOOOR
AEELKKFKLK,10,ONNOPPRPOP
ALDLTDKLVS,10,OONOLNPOOL
NPSKMRKLFS,10,LOLPOPPORL
SYLVEDLERS,10,LROONNONPL
DSVYKLMLSC,10,NLORPOOOLL
ELKEKYKELT,10,NOPNPRPNOL
PELYGLMREC,10,ONOROOOPNL
KTSLIMSLVS,10,PLLOOOLOOL
DEQLHQEISQ,10,NNLOPLNOLL
METILPIMNQ,10,ONLOOOOOLL
ALEDVKNVVR,10,OONNOPLOOP
VQRCLEYLGY,10,OLPLONROOR
DIFVKLTTMA,10,NOROPOLLOO
LAVKEWLLAH,10,OOOPNROOOP
LAMLEEDLLA,10,OOOONNNOOO
SFALEQLKVI,10,LROONLOPOO
SQEALHVTER,10,LLNOOPOLNP
MKYYIEYMES,10,OPRRONRONL
DSVQRWMEDL,10,NLOLPRONNO
VHEVLELADR,10,OPNOONOONP
CVAIHSLAHM,10,LOOOPLOOPO
FRDTEALREL,10,RPNLNOOPNO
RQLLSWIDLE,10,PLOOLRONON
IQPQIALLQE,10,OLOLOOOOLN
IEGANQLLEL,10,ONOOLLOONO
AHVGKHIFEN,10,OPOOPPORNL
RENCDSRYDT,10,PNLLNLPRNL
DAHIQEIVEK,10,NOPOLNOONP
LYDLITHYQQ,10,ORNOOLPRLL
LVDLISYYEK,10,OONOOLRRNP
AGGSCVNLLT,10,OOOLLOLOOL
LNEDLENFLQ,10,OLNNONLROL
NIYQQKIKDL,10,LORLLPOPNO
RIGQAIARRL,10,POOLOOOPPO
YPEELSRVTA,10,RONNOLPOLO
RASAVGERLW,10,POLOOONPOR
FSEFSKKCSE,10,RLNRLPPLLN
TPAVKFACEL,10,LOOOPROLNO
KEEVEQAVLD,10,PNNONLOOON
PEKGIQYLIE,10,ONPOOLROON
PVGVAHFILE,10,OOOOOPROON
VSQVQAVERM,10,OLLOLOONPO
SEKIQQQVSK,10,LNPOLLLOLP
PQVLAALLHA,10,OLOOOOOOPO
VDKAQELQAV,10,ONPOLNOLOO
ESKLFEKIKE,10,NLPORNPOPN
IPRYFRSIFE,10,OOPRRPLORN
LVSASVVCRE,10,OOLOLOOLPN
RPQYAEILAD,10,POLRONOOON
DFEVLTKVLQ,10,NRNOOLPOOL
GDFQSFVKDC,10,ONRLLROPNL
QAVVLNQLRY,10,LOOOOLLOPR
MLETVRIRKA,10,OONLOPOPPO
PTQQLIQDIK,10,OLLLOOLNOP
SDVVEQIYKR,10,LNOONLORPP
HHQVVQRIKA,10,PPLOOLPOPO
WNRKREIFSN,10,RLPPPNORLL
QTIVQLQKET,10,LLOOLOLPNL
KTLVEYQELT,10,PLOONRLNOL
SDEGIQRVLT,10,LNNOOLPOOL
KLHMMKEKWW,10,POPOOPNPRR
ESLLRGIYAY,10,NLOOPOOROR
KDQIYEIFQK,10,PNLORNORLP
TDVLEVTKKF,10,LNOONOLPPR
EKSYRFHLGQ,10,NPLRPRPOOL
QNDIISTLQS,10,LLNOOLLOLL
PYPLILVAIF,10,OROOOOOOOR
TQYTAAVVVI,10,LLRLOOOOOO
QEDAEAICSL,10,LNNONOOLLO
TQQIVKILNL,10,LLLOOPOOLO
VAFIRTIQAQ,10,OOROPLOLOL
REDYQKLEQI,10,PNNRLPONLO
AAEQLRAYLE,10,OONLOPORON
DKEIVAEAER,10,NPNOOONONP
IPHILKEMYD,10,OOPOOPNORN
IDDMVAQVLK,10,ONNOOOLOOP
AAYCQFMDML,10,OORLLRONOO
PLAVDLLEKM,10,OOOONOONPO
DEDVALMVRQ,10,NNNOOOOOPL
SHLKVFCELL,10,LPOPORLNOO
ILELLDEECL,10,OONOONNNLO
SKRIVQQLRA,10,LPPOOLLOPO
VLETIRISAQ,10,OONLOPOLOL
AVQIIKILNS,10,OOLOOPOOLL
PSFVRKVQAL,10,OLROPPOLOO
HAEAMSILKQ,10,PONOOLOOPL
IVEFCEAMAN,10,OONRLNOOOL
LDQCIQTGVD,10,ONLLOLLOON
DGFKILLRQC,10,NORPOOOPLL
SEAKDLISKL,10,LNOPNOOLPO
MDELVEHYKK,10,ONNOONPRPP
FQSQVTQVIE,10,RLLLOLLOON
LSRMIKHFKK,10,OLPOOPPRPP
EELRQLVNMC,10,NNOPLOOLOL
LPFTFVYTLM,10,OORLRORLOO
KNFQRDLQFF,10,PLRLPNOLRR
YMKELELVTK,10,ROPNONOOLP
RAGAVAERLW,10,POOOOONPOR
QRIKQIRHES,10,LPOPLOPPNL
PKIQKLLQDF,10,OPOLPOOLNR
IWMHAEEREE,10,OROPONNPNN
FSRYIAYIES,10,RLPROORONL
GAHVAGEAGS,10,OOPOOONOOL
DKELIDWLRL,10,NPNOONROPO
AAFHNFIKVT,10,OORPLROPOL
NTDILETLKR,10,LLNOONLOPP
KPIIVGSSKF,10,POOOOOLLPR
VNDFYSGLES,10,OLNRRLOONL
GAELRHVLTT,10,OONOPPOOLL
HREIVDIIKA,10,PPNOONOOPO
GLDAMMQVAA,10,OONOOOLOOO
VGQLAHKLAE,10,OOLOOPPOON
SVEAVARLKR,10,LONOOOPOPP
RAELVGQLQR,10,PONOOOLOLP
NHSWIERVFG,10,LPLRONPORO
AKEALGKAKD,10,OPNOOOPOPN
PDELEAVRKY,10,ONNONOOPPR
RADAENAMRY,10,PONONLOOPR
LGPVVLSLLK,10,OOOOOOLOOP
AQLVEEWANS,10,OLOONNROLL
KDHVRSLQKE,10,PNPOPLOLPN
VGAIQRWLKG,10,OOOOLPROPO
LWQFLVALLD,10,ORLROOOOON
FKDYVRDRAD,10,RPNROPNPON
YEKLSRGLRY,10,RNPOLPOOPR
PHLCDFLETY,10,OPOLNRONLR
EDIQDLMDIF,10,NNOLNOONOR
TKWINDTMKK,10,LPROLNLOPP
LALCAIIHRF,10,OOOLOOOPPR
GNVARVLCRV,10,OLOOPOOLPO
SPKILQDIAS,10,LOPOOLNOOL
LDDWKLFATN,10,ONNRPOROLL
PGDVAKAFGA,10,OONOOPOROO
EDLLRGIYAY,10,NNOOPOOROR
VGEDIRKLDY,10,OONNOPPONR
HEILEMTNKF,10,PNOONOLLPR
APIAMQIYKK,10,OOOOOLORPP
VYLAKLGNFF,10,OROOPOOLRR
KFMDSVIFTL,10,PRONLOORLO
YQDLLQLQYE,10,RLNOOLOLRN
VNLLIFLLNK,10,OLOOOROOLP
YDKYTTWKKI,10,RNPRLLRPPO
PEAKNLINQM,10,ONOPLOOLLO
SEIASMLYSR,10,LNOOLOORLP
TKWIQETIQA,10,LPROLNLOLO
PDLILEVLRS,10,ONOOONOOPL
DAFFASQFLN,10,NORROLLROL
KVELIAYFEK,10,PONOOORRNP
FHQLRQIAKE,10,RPLOPLOOPN
FENFIGSLND,10,RNLROOLOLN
LKELRERVLR,10,OPNOPNPOOP
TDCENLLKRF,10,LNLNLOOPPR
ATNIMRAWLF,10,OLLOOPOROR
AEILAEIARI,10,ONOOONOOPO
ASKLCSALTL,10,OLPOLLOOLO
TERTTEFWKQ,10,LNPLLNRRPL
IDVYMVMVKC,10,ONOROOOOPL
ELQCLQIYWS,10,NOLLOLORRL
HCLDAAKACN,10,PLONOOPOLL
CLDLRGVCRT,10,LONOPOOLPL
PCLRNAIQAF,10,OLOPLOOLOR
RHTCKRIMDM,10,PPLLPPOONO
ENLCKIMKDI,10,NLOLPOOPNO
AGMAIAMALT,10,OOOOOOOOOL
VRDVFEAKAR,10,OPNORNOPOP
DKYRLDLLAQ,10,NPRPONOOOL
MGRFLRDAKL,10,OOPROPNOPO
ASYRSIGALN,10,OLRPLOOOOL
LWLAWWLREY,10,OROORROPNR
SPLYDMLRKN,10,LOORNOOPPL
EDAKQLIRLL,10,NNOPLOOPOO
FEKVKALCVK,10,RNPOPOOLOP
AAENGAIQNL,10,OONLOOOLLO
RLHHWLHRLQ,10,POPPROPPOL
PGCLEASVTF,10,OOLONOLOLR
PKKVGTLWRE,10,OPPOOLORPN
THVYQIMNHC,10,LPORLOOLPL
RKKTIDKILK,10,PPPLONPOOP
QEARDLLKKL,10,LNOPNOOPPO
LEQAFDKLSE,10,ONLORNPOLN
IKEKTIAAKR,10,OPNPLOOOPP
PACRLQKCLQ,10,OOLPOLPLOL
PGMRELIEAS,10,OOOPNOONOL
KNEIDYLNKV,10,PLNONROLPO
KAEIEYLEKT,10,PONONRONPL
GKLINDVRKK,10,OPOOLNOPPP
KKEFLVLQEI,10,PPNROOOLNO
KLKQFVFDLH,10,POPLRORNOP
APELKSLAKT,10,OONOPLOOPL
ARFLSSLWER,10,OPROLLORNP
SEVFAAFCRA,10,LNOROORLPO
AGLLTLVTSR,10,OOOOLOOLLP
HDLYMIMREC,10,PNOROOOPNL
NELYMMMRDC,10,LNOROOOPNL
MMANRLSFFF,10,OOOLPOLRRR
LAFLSMLNDI,10,OOROLOOLNO
PASALSNMVA,10,OOLOOLLOOO
QDAWESLFSR,10,LNORNLORLP
WVESLKGILA,10,RONLOPOOOO
AEKRAYLQAR,10,ONPPOROLOP
VEDAFRYMAQ,10,ONNORPROOL
YVLAYTQSYR,10,ROOORLLLRP
YDKLSRALRY,10,RNPOLPOOPR
PEQAAERLRA,10,ONLOONPOPO
LFQLAGQRCI,10,ORLOOOLPLO
PQLISLLDLV,10,OLOOLOONOO
PAFKYLAQTS,10,OORPROOLLL
QQTLLDILNQ,10,LLLOONOOLL
VGRVHRLLRK,10,OOPOPPOOPP
PRHLQLAIRN,10,OPPOLOOOPL
FYHGTKAALV,10,RRPOLPOOOO
TSTYLMSLLA,10,LLLROOLOOO
DTVYKKLVQR,10,NLORPPOOLP
PSMLEVATQW,10,OLOONOOLLR
PKDIQLARRI,10,OPNOLOOPPO
DAEYLAAFRT,10,NONROOORPL
DADYLAAWHR,10,NONROOORPP
EEEVENVADI,10,NNNONLOONO
TLKWEKEEAL,10,LOPRNPNNOO
VGRVHRLLRK,10,OOPOPPOOPP
ILPAILQSAA,10,OOOOOOLLOO
ELSKKIAERL,10,NOLPPOONPO
AKRAQSFAER,10,OPPOLLRONP
WEDIKWLRRL,10,RNNOPROPPO
TDKREKYYDS,10,LNPPNPRRNL
SNLEALLIQI,10,LLONOOOOLO
LPNVIQALEK,10,OOLOOLOONP
NLEALQKKLE,10,LONOOLPPON
IFELLDYIVN,10,ORNOONROOL
VSDLKRALRE,10,OLNOPPOOPN
RQTQREKIEA,10,PLLLPNPONO
PSIFYYCCNL,10,OLORRRLLLO
RKAVSDQLKK,10,PPOOLNLOPP
PKIQKLLQDF,10,OPOLPOOLNR
EAEHQRAYLE,10,NONPLPORON
DMLFELMRMC,10,NOORNOOPOL
SEAKESMDKN,10,LNOPNLONPL
TIPAVIFKYI,10,LOOOOORPRO
VQNILKLMQE,10,OLLOOPOOLN
LQDALSRARE,10,OLNOOLPOPN
PPQMGEIISC,10,OOLOONOOLL
ANEATKTLNR,10,OLNOLPLOLP
DRFRLGFKHA,10,NPRPOORPPO
PQAADLLEKM,10,OLOONOONPO
AEQIKYLVEL,10,ONLOPROONO
RGTRAKWQAL,10,POLPOPRLOO
TGDLLRSEVS,10,LONOOPLNOL
VQQGEEFERR,10,OLLONNRNPP
EPVIAFYEKR,10,NOOOORRNPP
KPLHEKDSES,10,POOPNPNLNL
AEMYDIMKTC,10,ONORNOOPLL
QHRLYQQIKA,10,LPPORLLOPO
PEAKDLINKM,10,ONOPNOOLPO
RTILQQHMKK,10,PLOOLLPOPP
PQDITSTLHH,10,OLNOLLLOPP
EKLIQDHMAK,10,NPOOLNPOOP
IWMHAEEREE,10,OROPONNPNN
DELYDIMKMC,10,NNORNOOPOL
SAAIKAECTA,10,LOOOPONLLO
VVSAFLASMI,10,OOLOROOLOO
PEEILKIMKT,10,ONNOOPOOPL
TLIGLLIIFQ,10,LOOOOOOORL
HGTRCAGEVA,10,POLPLOONOO
YMAMIQFAIN,10,ROOOOLROOL
CSPSRAALLT,10,LLOLPOOOOL
DLFTTSLALA,10,NORLLLOOOO
PVSESIFMLA,10,OOLNLOROOO
LEARKTKKKI,10,ONOPPLPPPO
VETLKEMIKS,10,ONLOPNOOPL
ASDVHEVRKV,10,OLNOPNOPPO
HLQLFEELRR,10,POLORNNOPP
VKPSVDYVCQ,10,OPOLONROLL
KDKLKSELVA,10,PNPOPLNOOO
KKFFSFIEGC,10,PPRRLRONOL
EIIMGNIELT,10,NOOOOLONOL
KEIQMLARDF,10,PNOLOOOPNR
TKDLLDLLVE,10,LPNOONOOON
FPVFEKILRG,10,ROORNPOOPO
SRVANRVLDE,10,LPOOLPOONN
EKTQRMLSGF,10,NPLLPOOLOR
REESHRIIKQ,10,PNNLPPOOPL
VSQVERSLRE,10,OLLONPLOPN
VGRVHRLLRK,10,OOPOPPOOPP
PAVHRHVLSV,10,OOOPPPOOLO
ATIRNITKQT,10,OLOPLOLPLL
RNLKKVEQDT,10,PLOPPONLNL
QHIKQLSRFA,10,LPOPLOLPRO
KTVNELQNLT,10,PLOLNOLLOL
LVSSLYKVIQ,10,OOLLORPOOL
LNPLLTLLTK,10,OLOOOLOOLP
FPVLIEILQK,10,ROOOONOOLP
LGPLRKAVTL,10,OOOOPPOOLO
VEQFVQTLEK,10,ONLROLLONP
ILALHRKIKN,10,OOOOPPPOPL
EELKDLILKM,10,NNOPNOOOPO
EAKVKETLRR,10,NOPOPNLOPP
LHELVRHYTN,10,OPNOOPPRLL
EELYQLMRLC,10,NNORLOOPOL
LMDMVEHYSK,10,OONOONPRLP
HAQAVERIRA,10,POLOONPOPO
LDKFYKQVID,10,ONPRRPLOON
PFQQLKQVVE,10,ORLLOPLOON
AEFVDFTSQC,10,ONRONRLLLL
VDDVIQTGVD,10,ONNOOLLOON
DELFSYQFLN,10,NNORLRLROL
MDKVLLKYTE,10,ONPOOOPRLN
NSDIVEALNK,10,LLNOONOOLP
RFREQKFRLK,10,PRPNLPRPOP
GEKAAALVDR,10,ONPOOOOONP
PASLLAAYDA,10,OOLOOOORNO
ALDAVREMND,10,OONOOPNOLN
PECEKITVAE,10,ONLNPOLOON
RIYRRKIEEL,10,PORPPPONNO
EIGVLAKAFI,10,NOOOOOPORO
IQEIYDFHNN,10,OLNORNRPLL
RCELARTLKR,10,PLNOOPLOPP
VMALYKKIMR,10,OOOORPPOOP
PSSILLLQQM,10,OLLOOOOLLO
IRVLVGNLER,10,OPOOOOLONP
ESAVKFIVRK,10,NLOOPROOPP
YPRLGQMIVD,10,ROPOOLOOON
AMNVYELSSA,10,OOLORNOLLO
ALGGASLGAR,10,OOOOOLOOOP
SDDVVDYFKR,10,LNNOONRRPP
NKTSHLAALL,10,LPLLPOOOOO
DDIDMLKELG,10,NNONOOPNOO
MDLMREDLHL,10,ONOOPNNOPO
VKRMMKTWTL,10,OPPOOPLRLO
LSFIIRTVGR,10,OLROOPLOOP
SFELIRRLEA,10,LRNOOPPONO
LERIKLLQRG,10,ONPOPOOLPO
MEELVEHYKK,10,ONNOONPRPP
AAVIDNIRLC,10,OOOONLOPOL
SAVKLKLLLG,10,LOOPOPOOOO
SATLRAELLQ,10,LOLOPONOOL
MESADQAVAE,10,ONLONLOOON
LISALVRAHV,10,OOLOOOPOPO
AIIDKLFLDT,10,OOONPORONL
ERFDFLCQYH,10,NPRNROLLRP
DKEIEVLNKH,10,NPNONOOLPP
AEERQKYLEA,10,ONNPLPRONO
DFRSWLSDIS,10,NRPLROLNOL
CLEEKVCSLL,10,LONNPOLLOO
PGRDRRTEEE,10,OOPNPPLNNN
REHAMEALLN,10,PNPOONOOOL
KEDLELIMTE,10,PNNONOOOLN
RAAAERSLRE,10,POOONPLOPN
LEDQAQMAVE,10,ONNLOLOOON
VGIAASSIAA,10,OOOOOLLOOO
WNESRHLCAS,10,RLNLPPOLOL
LDDVIQTGVD,10,ONNOOLLOON
QDDIKGIQKL,10,LNNOPOOLPO
LQQMQELSNI,10,OLLOLNOLLO
KIDKAMECVW,10,PONPOONLOR
LGLEDIIRKA,10,OOONNOOPPO
APALRKVYDQ,10,OOOOPPORNL
TRCKLARYLE,10,LPLPOOPRON
PLKAMKMIRD,10,OOPOOPOOPN
PSLKGFLDRL,10,OLOPORONPO
QEDQEKALTA,10,LNNLNPOOLO
FYEMLAERRE,10,RRNOOONPPN
ATQLEGVARR,10,OLLONOOOPP
EFSESHLSRL,10,NRLNLPOLPO
IHEQTYLTGL,10,OPNLLROLOO
QRDALTTCRK,10,LPNOOLLLPP
FAEANQTCNN,10,RONOLLLLLL
RYEQAFLTSF,10,PRNLOROLLR
TPRFRAACEQ,10,LOPRPOOLNL
LASVITKGTK,10,OOLOOLPOLP
QKELAGKIRE,10,LPNOOOPOPN
DELNEIITRM,10,NNOLNOOLPO
HEAAKEVFVK,10,PNOOPNOROP
MPFQSTVYLM,10,OORLLLOROO
WDLLAQEAAS,10,RNOOOLNOOL
PDHLNGHIKQ,10,ONPOLOPOPL
LGIVELLVSL,10,OOOONOOOLO
PRLVCESLIN,10,OPOOLNLOOL
PALVETYSRL,10,OOOONLRLPO
QIGYRVLERI,10,LOORPOONPO
VLHDRIVSVI,10,OOPNPOOLOO
IYPLLGATLN,10,OROOOOOLOL
LAPLKEELRI,10,OOOOPNNOPO
PMKVYKDRQV,10,OOPORPNPLO
VSQCKNFYFN,10,OLLLPLRRRL
GLEAIIRKAL,10,OONOOOPPOO
YAELRDTINT,10,RONOPNLOLL
PRQFEEIWER,10,OPLRNNORNP
GIQYLQNAIE,10,OOLROLLOON
STVELARTCI,10,LLONOOPLLO
MKNLVLKIIS,10,OPLOOOPOOL
YDLRSLVSQL,10,RNOPLOOLLO
KSSLANYLHK,10,PLLOOLROPP
PWKLLIATIF,10,ORPOOOOLOR
KYGNDSYRIF,10,PROLNLRPOR
PEWAALAKKQ,10,ONROOOOPPL
ILALAVDASR,10,OOOOOONOLP
PREVAQQAVD,10,OPNOOLLOON
LQCCRRVLEN,10,OLLLPPOONL
LEILETVMGQ,10,ONOONLOOOL
PGLSNACSRA,10,OOOLLOLLPO
YNSVIALNER,10,RLLOOOOLNP
PEEAVRIHTD,10,ONNOOPOPLN
LQEFQEGSKA,10,OLNRLNOLPO
LPATLVVDIT,10,OOOLOOONOL
YLALVSALAC,10,ROOOOLOOOL
LEEIATQMRT,10,ONNOOLLOPL
YLANMGGLAA,10,ROOLOOOOOO
PRHLQLAIRN,10,OPPOLOOOPL
VLLVEQLFRK,10,OOOONLORPP
HAAQFLQDMR,10,POOLROLNOP
KDCIVHLCIS,10,PNLOOPOLOL
REVMQRDIAA,10,PNOOLPNOOO
YTLLYEEAKY,10,RLOORNNOPR
SVQVLERLQQ,10,LOLOONPOLL
LEQAFDRLSE,10,ONLORNPOLN
EDELFQSIME,10,NNNORLLOON
KEAVSVCKGL,10,PNOOLOLPOO
YHGLCELTAA,10,RPOOLNOLOO
VVNQLLTEMD,10,OOLLOOLNON
GSTEDQMAKV,10,OLLNNLOOPO
DQQLIQVIRS,10,NLLOOLOOPL
ENSVHKLLEL,10,NLLOPPOONO
KSSLVLRFVK,10,PLLOOOPROP
PAMQRLSISK,10,OOOLPOLOLP
MKDVYEEFDE,10,OPNORNNRNN
DHEKDKLKKQ,10,NPNPNPOPPL
YGGYVTSMVL,10,ROOROLLOOO
MPWVVYLEVV,10,OOROORONOO
TALGIDTARK,10,LOOOONLOPP
LKKVIQDCED,10,OPPOOLNLNN
EKFVEEIKSI,10,NPRONNOPLO
LPIFILRLAT,10,OOOROOPOOL
QESLSEFFEM,10,LNLOLNRRNO
PQSILAAAEK,10,OLLOOOOONP
FNDFIKRLKT,10,RLNROPPOPL
QDDIATILSK,10,LNNOOLOOLP
SKTFTTQLVD,10,LPLRLLLOON
QSTWDKAQKR,10,LLLRNPOLPP
VLWVEKCRTA,10,OORONPLPLO
VAKLCELVHL,10,OOPOLNOOPO
EKWVLDSITQ,10,NPROONLOLL
NSFHHFVKMA,10,LLRPPROPOO
SLAIELLDKV,10,LOOONOONPO
FPAMVQELHQ,10,ROOOOLNOPL
LKELRERVLR,10,OPNOPNPOOP
TDCESILRRF,10,LNLNLOOPPR
AAYCQFMDML,10,OORLLRONOO
SAVLEFEASQ,10,LOOONRNOLL
CQDLASVLSA,10,LLNOOLOOLO
PHLIMELWEK,10,OPOOONORNP
GDHLILLQKI,10,ONPOOOOLPO
SEVYEIMVKC,10,LNORNOOOPL
